t_ms,phase_us,seq,spin_ns,gap_ewma_ns,wake_ewma_ns,burn_ewma_ns,blocked
0.000,200,0,5000,0,5000,0,0
0.221,200,1,5158,6434,5158,164,1
0.489,200,2,5319,14302,5245,324,1
0.744,200,3,5486,21523,5333,483,1
0.997,200,4,5657,28502,5397,644,1
1.241,200,5,5978,34446,5978,803,1
1.504,200,6,6165,41390,5962,967,1
1.762,200,7,6358,48027,5914,1131,1
2.021,200,8,6557,54458,5878,1296,1
2.281,200,9,6762,60712,5832,1461,1
2.543,200,10,6973,66746,5881,1629,1
2.801,200,11,7190,72481,5921,1798,1
3.061,200,12,7415,78067,5977,1972,1
3.320,200,13,7646,83456,6020,2145,1
3.579,200,14,7885,88670,6063,2319,1
3.837,200,15,8132,93713,6103,2496,1
4.097,200,16,8387,98612,6153,2676,1
4.356,200,17,8650,103362,6196,2857,1
4.614,200,18,8921,107947,6231,3041,1
4.873,200,19,9200,112389,6265,3229,1
5.132,200,20,9487,116702,6307,3417,1
5.393,200,21,9784,120950,6364,3608,1
5.661,200,22,10089,125057,6596,3807,1
5.921,200,23,10404,128878,6666,4006,1
6.184,200,24,10729,132783,6715,4209,1
6.449,200,25,11064,136615,6766,4416,1
6.713,200,26,11409,140296,6822,4629,1
6.977,200,27,11766,143841,6881,4845,1
7.221,200,28,12133,146638,6958,5068,1
7.476,200,29,12512,149728,6980,5296,1
7.731,200,30,12903,152728,7004,5523,1
7.984,200,31,13306,155618,7002,5757,1
8.224,200,32,13721,157774,7236,5997,1
8.471,200,33,14150,160374,7146,6241,1
8.730,200,34,14593,163288,7060,6489,1
8.988,200,35,15050,166111,6973,6744,1
9.218,200,36,15521,167947,6889,7005,1
9.477,200,37,16006,170632,6807,7273,1
9.739,200,38,16507,173225,6836,11052,1
9.997,200,39,17022,175622,6853,11227,1
10.223,200,40,17553,176941,6870,11413,1
10.483,200,41,18102,179225,6893,11609,1
10.739,200,42,18667,181445,6817,11813,1
10.997,200,43,19250,183701,6737,12029,1
11.262,200,44,19851,186099,6665,12257,1
11.522,200,45,20472,188235,6591,12496,1
11.782,200,46,21111,190303,6537,12746,1
12.049,200,47,21770,192392,6618,13010,1
12.308,200,48,22451,194190,6653,13286,1
12.567,200,49,23152,195944,6691,13575,1
12.826,200,50,23875,197625,6725,13879,1
13.087,200,51,24622,199254,6836,14197,1
13.343,200,52,25391,200715,6863,14527,1
13.602,200,53,26184,202272,6885,14871,1
13.861,200,54,27003,203757,6903,15228,1
14.120,200,55,27846,205208,6923,15598,1
14.378,200,56,28717,206614,6940,15984,1
14.637,200,57,29614,207975,6959,16385,1
14.896,200,58,30539,209291,6979,16802,1
15.155,200,59,31494,210558,6990,17235,1
15.414,200,60,32479,211794,7011,17685,1
15.669,200,61,33494,212984,6929,18150,1
15.928,200,62,34541,214247,6843,18631,1
16.186,200,63,35620,215478,6772,19129,1
16.445,200,64,36733,216668,6693,19646,1
16.704,200,65,37880,217838,6619,20181,1
16.962,200,66,39063,218950,6543,20735,1
17.217,200,67,40284,219935,6475,21309,1
17.476,200,68,41543,221000,6408,21905,1
17.736,200,69,42842,222038,6359,22520,1
17.998,200,70,44181,223014,6411,23157,1
18.223,200,71,45562,222784,6469,23818,1
18.481,200,72,46985,223609,6495,24501,1
18.740,200,73,48454,224440,6535,25206,1
18.998,200,74,49969,225231,6559,25936,1
19.238,200,75,51530,225488,6498,26691,1
19.496,200,76,53141,226361,6427,27469,1
19.754,200,77,54802,227221,6358,28273,1
20.013,200,78,52982,228046,6291,29103,1
20.271,200,79,51222,228842,6234,29851,1
20.530,200,80,49522,229610,6171,30520,1
20.788,200,81,47878,230373,6110,31115,1
21.047,200,82,46290,231101,6048,31641,1
21.305,200,83,44754,231805,5995,32101,1
21.579,200,84,43268,232936,5975,32497,1
21.841,200,85,41832,233680,5937,32836,1
22.105,200,86,40442,234456,5902,33119,1
22.369,200,87,39098,235209,5874,33349,1
22.633,200,88,37800,235918,5846,33532,1
22.891,200,89,36544,236460,5802,33667,1
23.149,200,90,35332,236985,5756,33759,1
23.404,200,91,34160,237393,5702,33810,1
23.658,200,92,33026,237780,5641,33823,1
23.917,200,93,31930,238188,5686,33801,1
24.170,200,94,30870,238417,5724,33746,1
24.425,200,95,29846,238664,5775,33659,1
24.678,200,96,28856,238871,5804,33542,1
24.932,200,97,27898,239091,5830,33400,1
25.189,200,98,26970,239413,5857,39333,1
25.450,200,99,26074,239789,5923,38951,1
25.708,200,100,25208,240088,5967,38553,1
25.966,200,101,24370,240388,6005,38139,1
26.221,200,102,23560,240566,6061,37711,1
26.476,200,103,22778,240863,6008,37271,1
26.735,200,104,22020,241274,5953,36820,1
26.994,200,105,21290,240526,5901,36359,1
27.217,200,106,20582,239848,5849,35889,1
27.477,200,107,19898,240289,5811,35413,1
27.740,200,108,19236,240709,5885,34930,1
28.001,200,109,18598,241075,5949,34443,1
28.231,200,110,17980,240202,6242,33952,1
28.483,200,111,17382,240283,6278,33455,1
28.737,200,112,16804,240477,6307,32957,1
28.991,200,113,16246,240638,6320,32454,1
29.219,200,114,15706,239941,6395,31952,1
29.472,200,115,15184,240066,6412,31447,1
29.726,200,116,14680,240242,6440,30942,1
29.985,200,117,14192,240521,6534,30438,1
30.221,200,118,14635,240056,6571,29933,1
30.480,200,119,15092,240367,6603,29457,1
30.738,200,120,15563,240657,6638,29013,1
30.996,200,121,16050,240938,6659,28596,1
31.217,200,122,16551,240144,6585,28206,1
31.476,200,123,17068,240565,6511,27843,1
31.735,200,124,17601,241002,6449,27507,1
31.994,200,125,18152,241399,6380,27199,1
32.223,200,126,18719,240715,6477,26918,1
32.501,200,127,19304,241569,6546,26665,1
32.760,200,128,19907,241831,6597,26438,1
33.018,200,129,20530,242070,6623,26237,1
33.278,200,130,21171,242339,6651,26063,1
33.536,200,131,21832,242569,6674,25914,1
33.795,200,132,22515,242801,6707,25790,1
34.053,200,133,23218,243012,6726,25691,1
34.312,200,134,23943,243249,6749,25616,1
34.570,200,135,24692,243450,6766,25567,1
34.828,200,136,25463,243650,6783,25544,1
35.087,200,137,26258,243850,6798,25544,1
35.346,200,138,27079,244061,6821,25570,1
35.604,200,139,27926,244239,6836,25620,1
35.863,200,140,27000,244419,6858,31803,1
36.121,200,141,26102,244584,6887,31660,1
36.381,200,142,25234,244770,6910,31490,1
36.639,200,143,24396,244921,6925,31298,1
36.898,200,144,23586,245082,6942,31087,1
37.152,200,145,22802,245228,6857,30855,1
37.411,200,146,23515,245500,6774,30605,1
37.673,200,147,24250,245845,6696,30386,1
37.927,200,148,25007,245971,6620,30194,1
38.182,200,149,25788,246082,6544,30034,1
38.445,200,150,26593,246321,6625,29938,1
38.705,200,151,27424,246434,6697,29835,1
38.965,200,152,28281,246528,6758,29763,1
39.224,200,153,29164,246629,6821,29718,1
39.475,200,154,30075,246608,6732,29703,1
39.729,200,155,31014,246700,6646,29716,1
39.983,200,156,31983,246791,6563,29757,1
40.218,200,157,32982,246245,6494,29827,1
40.472,200,158,34013,246339,6421,29926,1
40.734,200,159,35076,246560,6496,30056,1
40.993,200,160,36173,246645,6555,30215,1
41.224,200,161,37304,245829,6638,30403,1
41.483,200,162,38469,245939,6699,30622,1
41.744,200,163,37193,246072,6767,30870,1
41.994,200,164,35959,246058,6679,31069,1
42.214,200,165,34765,245079,6603,31223,1
42.468,200,166,33611,245212,6519,31335,1
42.722,200,167,32495,245357,6438,31408,1
42.976,200,168,31415,245485,6360,31443,1
43.214,200,169,30371,245091,6296,31443,1
43.468,200,170,29363,245223,6223,31410,1
43.722,200,171,28387,245366,6152,31348,1
43.977,200,172,27445,245499,6089,31256,1
44.217,200,173,26533,245166,6046,31139,1
44.480,200,174,25651,245402,6157,30999,1
44.740,200,175,24799,245510,6241,30838,1
44.998,200,176,25574,245625,6311,30652,1
45.224,200,177,26373,244693,6395,30496,1
45.475,200,178,27198,244728,6327,30368,1
45.729,200,179,28047,244870,6255,30269,1
45.983,200,180,28924,245017,6187,30201,1
46.225,200,181,29827,244435,6447,30162,1
46.469,200,182,30760,244250,6395,30153,1
46.732,200,183,31721,244504,6501,30173,1
46.991,200,184,32712,244634,6597,30224,1
47.224,200,185,33735,243902,6716,30304,1
47.485,200,186,34790,244051,6832,30413,1
47.745,200,187,33634,244189,6929,30553,1
47.996,200,188,32518,244221,6865,30650,1
48.216,200,189,31440,243308,6804,30710,1
48.472,200,190,30396,243485,6764,30741,1
48.725,200,191,29386,243629,6703,30732,1
48.980,200,192,28410,243803,6643,30691,1
49.215,200,193,27466,243323,6611,30620,1
49.468,200,194,26554,243481,6549,30522,1
49.723,200,195,27383,243657,6506,30399,1
49.977,200,196,28238,243819,6433,30306,1
50.214,200,197,29121,243471,6346,30243,1
50.470,200,198,30032,243681,6299,30211,1
50.724,200,199,30971,243837,6254,30208,1
50.978,200,200,31938,243985,6209,30233,1
51.231,200,201,32937,244022,6236,30288,1
51.492,200,202,33966,244358,6207,30373,1
51.752,200,203,35027,244651,6174,30487,1
52.011,200,204,33865,244327,6136,30630,1
52.271,200,205,32741,244633,6107,30733,1
52.531,200,206,31653,244918,6077,30798,1
52.790,200,207,30601,245170,6045,30826,1
53.048,200,208,29585,245419,6006,30821,1
53.307,200,209,28603,245674,5973,30784,1
53.565,200,210,29496,245899,5933,30718,1
53.824,200,211,30417,246122,5899,30680,1
54.078,200,212,31368,246228,5862,30673,1
54.333,200,213,32349,246339,5816,30697,1
54.587,200,214,33360,246424,5764,30749,1
54.843,200,215,32252,246529,5750,30832,1
55.106,200,216,31180,246720,5881,30879,1
55.367,200,217,30146,246794,6014,30890,1
55.627,200,218,29146,246852,6136,30870,1
55.887,200,219,30057,246897,6269,30820,1
56.146,200,220,30996,246930,6378,30798,1
56.399,200,221,31965,246905,6360,30808,1
56.653,200,222,32964,246956,6296,30845,1
56.907,200,223,31870,247025,6242,30912,1
57.161,200,224,30810,247090,6175,30943,1
57.415,200,225,29788,247172,6116,30940,1
57.669,200,226,28800,247237,6050,30905,1
57.924,200,227,29701,247307,5999,30840,1
58.177,200,228,30630,247365,5937,30806,1
58.433,200,229,31587,247452,5896,30809,1
58.689,200,230,32574,247502,5915,30835,1
58.949,200,231,33591,247582,6011,30893,1
59.211,200,232,32475,247632,6194,30979,1
59.468,200,233,31397,247603,6280,31028,1
59.727,200,234,30355,247658,6346,31042,1
59.987,200,235,29347,247725,6417,31024,1
60.224,200,236,28373,247084,6489,30977,1
60.484,200,237,27431,247176,6556,30898,1
60.744,200,238,26519,247256,6638,36792,1
61.005,200,239,25639,247325,6752,36475,1
61.217,200,240,24787,245989,6737,36139,1
61.472,200,241,23965,246076,6680,35786,1
61.727,200,242,23169,246177,6631,35418,1
61.981,200,243,22401,246255,6566,35035,1
62.217,200,244,21659,245724,6537,34645,1
62.481,200,245,20939,246033,6556,34244,1
62.735,200,246,20245,246055,6487,33829,1
62.989,200,247,19573,246161,6411,33405,1
63.215,200,248,18923,245337,6374,32974,1
63.469,200,249,18295,245435,6318,32536,1
63.731,200,250,17687,245672,6393,32095,1
63.992,200,251,17099,245819,6469,31646,1
64.225,200,252,16531,245072,6551,31193,1
64.484,200,253,15983,245199,6622,30736,1
64.744,200,254,16482,245330,6688,30280,1
65.003,200,255,16997,245453,6745,29852,1
65.229,200,256,17528,244402,6914,29452,1
65.487,200,257,18075,244450,7021,29083,1
65.747,200,258,18640,244576,7121,28741,1
66.006,200,259,19223,244687,7214,28430,1
66.226,200,260,19824,243564,7311,28145,1
66.486,200,261,20443,243712,7410,27887,1
66.746,200,262,21082,243852,7497,27659,1
67.004,200,263,21741,243981,7530,27455,1
67.214,200,264,22420,242752,7420,27279,1
67.469,200,265,23121,242970,7339,27128,1
67.723,200,266,23844,243149,7257,27004,1
67.977,200,267,24589,243332,7177,26907,1
68.215,200,268,25358,242959,7121,26835,1
68.478,200,269,26151,243242,7222,26791,1
68.739,200,270,26968,243404,7352,26773,1
68.999,200,271,27811,243551,7440,26784,1
69.223,200,272,28680,242608,7526,26818,1
69.486,200,273,29577,242790,7691,26877,1
69.736,200,274,30502,242842,7606,26963,1
69.992,200,275,31455,243063,7527,27075,1
70.216,200,276,32438,242299,7437,27213,1
70.471,200,277,33451,242540,7331,27378,1
70.726,200,278,34496,242764,7262,27569,1
70.982,200,279,35575,242980,7209,27786,1
71.217,200,280,36686,242519,7158,28031,1
71.471,200,281,37833,242692,7096,28302,1
71.726,200,282,39016,242881,7037,28601,1
71.980,200,283,40235,243055,6968,28927,1
72.214,200,284,41492,242604,6898,29282,1
72.468,200,285,42789,242793,6826,29664,1
72.723,200,286,44126,243010,6775,30075,1
72.977,200,287,42660,243182,6718,30515,1
73.214,200,288,41244,242812,6655,30896,1
73.468,200,289,39874,243000,6593,31221,1
73.724,200,290,38550,243200,6560,31493,1
73.977,200,291,37270,243350,6503,31715,1
74.216,200,292,36032,243035,6432,31889,1
74.471,200,293,34836,243230,6389,32020,1
74.725,200,294,33680,243396,6329,32109,1
74.980,200,295,32562,243593,6284,32160,1
75.215,200,296,31480,243154,6243,32174,1
75.469,200,297,30434,243320,6207,32154,1
75.724,200,298,29424,243488,6173,32102,1
75.978,200,299,28446,243638,6124,32020,1
76.215,200,300,27502,243240,6098,31910,1
76.469,200,301,26588,243420,6063,31773,1
76.733,200,302,25706,243704,6190,31613,1
76.994,200,303,24852,243875,6338,31433,1
77.225,200,304,24028,242355,6425,31231,1
77.485,200,305,23230,242587,6495,31010,1
77.745,200,306,22458,242810,6573,30769,1
77.997,200,307,21712,242908,6500,30510,1
78.224,200,308,22391,241993,6696,30236,1
78.472,200,309,23090,241986,6647,29992,1
78.726,200,310,23811,242176,6585,29778,1
78.982,200,311,24556,242411,6544,29592,1
79.215,200,312,25323,241933,6514,29435,1
79.470,200,313,26114,242146,6481,29307,1
79.725,200,314,26931,242342,6435,29208,1
79.979,200,315,27772,242534,6368,29137,1
80.216,200,316,28639,242210,6303,29096,1
80.471,200,317,29534,242441,6257,29083,1
80.725,200,318,30457,242639,6209,29098,1
80.980,200,319,31408,242831,6174,29141,1
81.214,200,320,32389,242376,6137,29213,1
81.469,200,321,33402,242582,6106,29314,1
81.724,200,322,34445,242792,6067,29442,1
81.979,200,323,35522,242999,6039,29599,1
82.217,200,324,36633,242642,6004,29784,1
82.472,200,325,37778,242861,5984,29999,1
82.727,200,326,38959,243058,5950,30246,1
82.981,200,327,37665,243235,5893,30523,1
83.214,200,328,36415,242782,5834,30748,1
83.469,200,329,35205,243007,5785,30927,1
83.725,200,330,34037,243222,5755,31061,1
83.979,200,331,32907,243395,5719,31155,1
84.214,200,332,31815,242990,5690,31210,1
84.469,200,333,30759,243164,5673,31229,1
84.723,200,334,29737,243334,5643,31216,1
85.022,200,335,28749,244774,5753,37678,1
85.252,200,336,27795,244026,5805,37402,1
85.542,200,337,26873,245203,5859,37104,1
85.833,200,338,25979,246370,5905,36788,1
86.096,200,339,25115,246701,5908,36452,1
86.358,200,340,24281,246970,5905,36100,1
86.621,200,341,23475,247234,5910,35732,1
86.882,200,342,22695,247467,5890,35350,1
87.143,200,343,21941,247710,5866,34957,1
87.405,200,344,21211,247926,5865,34552,1
87.663,200,345,20507,247955,5930,34138,1
87.917,200,346,19827,247854,6003,33716,1
88.171,200,347,19169,247744,6072,33285,1
88.426,200,348,18533,247650,6157,32846,1
88.680,200,349,17917,247547,6228,32404,1
88.938,200,350,17321,247563,6306,31955,1
89.197,200,351,16745,247601,6387,31503,1
89.455,200,352,16189,247645,6436,31044,1
89.713,200,353,16694,247713,6464,30583,1
89.972,200,354,17215,247792,6500,30151,1
90.222,200,355,17752,247561,6534,29750,1
90.481,200,356,18307,247639,6577,29378,1
90.739,200,357,18880,247706,6605,29036,1
90.998,200,358,19471,247789,6640,28724,1
91.231,200,359,20080,246718,6983,28439,1
91.481,200,360,20707,246502,7055,28182,1
91.739,200,361,21354,246550,7102,27954,1
91.998,200,362,22021,246626,7146,27752,1
92.224,200,363,22710,245679,7196,27576,1
92.483,200,364,23419,245778,7243,27427,1
92.742,200,365,24150,245878,7313,27306,1
93.001,200,366,24905,245954,7358,27212,1
93.222,200,367,25684,244857,7415,27144,1
93.484,200,368,26487,244960,7552,27101,1
93.739,200,369,27314,244977,7574,27086,1
93.997,200,370,28167,245112,7571,27098,1
94.220,200,371,29048,244173,7563,27135,1
94.479,200,372,29955,244359,7563,27198,1
94.735,200,373,30892,244533,7463,27285,1
94.993,200,374,31857,244821,7362,27399,1
95.222,200,375,32852,244021,7426,27540,1
95.476,200,376,33879,244161,7342,27708,1
95.735,200,377,34938,244446,7272,27903,1
95.997,200,378,36029,244708,7312,28125,1
96.224,200,379,37154,243839,7357,28375,1
96.482,200,380,38315,243987,7396,28653,1
96.742,200,381,39512,244126,7480,28959,1
96.999,200,382,40747,244190,7514,29292,1
97.219,200,383,42020,243235,7435,29652,1
97.477,200,384,43333,243536,7353,30041,1
97.735,200,385,44688,243830,7271,30458,1
97.993,200,386,43204,244121,7190,30905,1
98.223,200,387,41770,243355,7244,31290,1
98.477,200,388,40382,243532,7171,31620,1
98.736,200,389,39040,243834,7094,31896,1
98.994,200,390,37744,244123,7011,32121,1
99.219,200,391,36490,243337,6967,32298,1
99.477,200,392,35280,243627,6901,32431,1
99.735,200,393,34110,243921,6831,32522,1
99.997,200,394,32976,244237,6839,32576,1
100.224,200,395,31882,243462,6808,32591,1
100.481,200,396,30824,243644,6800,32570,1
100.737,200,397,29800,243773,6767,32516,1
100.991,200,398,28810,243892,6723,32433,1
101.216,200,399,27854,243116,6665,32320,1
101.471,200,400,26930,243317,6615,32181,1
101.725,200,401,26036,243485,6557,32018,1
101.981,200,402,25170,243678,6519,31832,1
102.217,200,403,24334,243251,6478,31625,1
102.473,200,404,23526,242780,6433,31398,1
102.739,200,405,22744,243252,6454,31156,1
103.010,200,406,21990,243572,6739,30898,1
103.218,200,407,21260,242208,6714,30623,1
103.477,200,408,20554,242472,6695,30332,1
103.730,200,409,21197,242635,6618,30028,1
103.984,200,410,21860,242841,6541,29752,1
104.215,200,411,22543,242258,6530,29507,1
104.469,200,412,23248,242439,6468,29291,1
104.723,200,413,23975,242645,6409,29103,1
104.978,200,414,24724,242833,6354,28944,1
105.214,200,415,25497,242456,6309,28814,1
105.476,200,416,26294,242765,6399,28713,1
105.735,200,417,27115,242941,6446,28641,1
105.993,200,418,27962,243148,6478,28595,1
106.221,200,419,28835,242388,6520,28578,1
106.480,200,420,29736,242621,6564,28590,1
106.739,200,421,30665,242855,6591,28630,1
106.998,200,422,31624,243086,6619,28697,1
107.230,200,423,32613,242168,6954,28792,1
107.481,200,424,33632,242106,7017,28914,1
107.740,200,425,34683,242320,7068,29064,1
107.995,200,426,35766,242515,7007,29242,1
108.218,200,427,36883,241750,6946,29448,1
108.476,200,428,38036,242094,6877,29682,1
108.735,200,429,39225,242448,6822,29944,1
108.993,200,430,40450,242772,6740,30236,1
109.220,200,431,39108,242128,6670,30556,1
109.479,200,432,37810,242490,6614,30824,1
109.739,200,433,36554,242833,6567,31044,1
110.000,200,434,35340,243169,6587,31230,1
110.220,200,435,34168,242196,6579,31360,1
110.514,200,436,33032,242489,7676,31455,1
110.744,200,437,31936,241573,7795,31511,1
111.001,200,438,30876,241664,7854,31529,1
111.224,200,439,29850,240695,7948,31512,1
111.479,200,440,28860,240870,7925,31463,1
111.735,200,441,27900,241181,7812,31383,1
111.994,200,442,26972,241575,7704,31275,1
112.221,200,443,26076,240961,7620,31142,1
112.480,200,444,25210,241333,7535,30985,1
112.742,200,445,24372,241701,7571,30807,1
113.001,200,446,23562,241926,7606,30610,1
113.224,200,447,22780,241008,7640,30395,1
113.483,200,448,22022,241248,7689,30159,1
113.741,200,449,22711,241469,7735,29908,1
114.001,200,450,23420,241705,7795,29687,1
114.222,200,451,24151,240730,7830,29494,1
114.479,200,452,24906,240961,7818,29329,1
114.740,200,453,25685,241236,7897,29194,1
114.999,200,454,26488,241414,7957,29090,1
115.224,200,455,27315,240496,8054,29010,1
115.476,200,456,28168,240690,7957,28959,1
115.734,200,457,29049,241067,7863,28935,1
115.993,200,458,29956,241442,7771,28940,1
116.218,200,459,30893,240756,7677,28974,1
116.475,200,460,31858,241138,7567,29035,1
116.734,200,461,32853,241524,7486,29125,1
116.992,200,462,33880,241880,7397,29244,1
117.218,200,463,34939,241198,7332,29391,1
117.480,200,464,36030,241618,7304,29566,1
117.743,200,465,37155,241993,7364,29773,1
118.003,200,466,38316,242230,7417,30006,1
118.227,200,467,37044,241335,7469,30268,1
118.488,200,468,35814,241599,7529,30483,1
118.739,200,469,34624,241734,7439,30653,1
118.995,200,470,33476,242008,7350,30782,1
119.216,200,471,32366,241127,7288,30868,1
119.470,200,472,31290,241379,7214,30917,1
119.724,200,473,30250,241594,7122,30930,1
119.982,200,474,29246,241925,7054,30911,1
120.219,200,475,28274,241590,7009,30861,1
120.477,200,476,27334,241914,6940,30782,1
120.735,200,477,26428,242256,6874,30675,1
120.993,200,478,25550,242589,6811,30544,1
121.218,200,479,24702,241862,6751,30389,1
121.477,200,480,25473,242225,6689,30212,1
121.735,200,481,26270,242563,6629,30065,1
121.994,200,482,27091,242895,6578,29948,1
122.219,200,483,27938,242198,6506,29860,1
122.482,200,484,28811,242567,6543,29802,1
122.741,200,485,29712,242799,6573,29774,1
122.999,200,486,30641,243014,6611,29776,1
123.230,200,487,31598,242069,6921,29807,1
123.472,200,488,30548,242051,6921,36422,0
123.738,200,489,29534,242487,6979,36242,1
123.997,200,490,28554,242677,7040,36035,1
124.222,200,491,27606,241815,7088,35804,1
124.481,200,492,26690,242044,7144,35551,1
124.735,200,493,25804,242229,7067,35276,1
124.993,200,494,24948,242567,6992,34984,1
125.218,200,495,24120,241824,6922,34672,1
125.478,200,496,23318,242212,6868,34344,1
125.736,200,497,22544,242539,6806,34001,1
126.000,200,498,21796,242873,6879,33646,1
126.224,200,499,21072,241984,6907,33278,1
126.484,200,500,20372,242234,6971,32901,1
126.742,200,501,19696,242418,7027,32513,1
127.003,200,502,19042,241530,7091,32116,1
127.223,200,503,18410,240513,7166,31711,1
127.482,200,504,17798,240750,7226,31302,1
127.741,200,505,17208,241005,7282,30883,1
127.999,200,506,16636,241242,7307,30459,1
128.223,200,507,17155,240393,7329,30029,1
128.480,200,508,17692,240697,7270,29632,1
128.738,200,509,18245,241078,7199,29260,1
128.997,200,510,18816,241449,7142,28917,1
129.220,200,511,19405,240659,7082,28604,1
129.479,200,512,20012,241060,7032,28318,1
129.742,200,513,20637,241428,7088,28061,1
130.001,200,514,21282,241657,7137,27834,1
130.224,200,515,21947,240786,7163,27632,1
130.485,200,516,22632,241054,7270,27463,1
130.744,200,517,23339,241248,7336,27316,1
131.003,200,518,24068,241457,7408,27195,1
131.232,200,519,24821,240450,7743,27103,1
131.481,200,520,25596,240410,7748,27034,1
131.741,200,521,26395,240713,7782,26992,1
131.996,200,522,27220,240956,7698,26975,1
132.218,200,523,28071,240196,7591,26985,1
132.477,200,524,28948,240614,7513,27021,1
132.736,200,525,29853,240999,7441,27084,1
132.995,200,526,30786,241383,7381,27173,1
133.218,200,527,31749,240617,7300,27288,1
133.477,200,528,32742,241003,7230,27429,1
133.736,200,529,33765,241389,7159,27597,1
133.995,200,530,34820,241756,7098,27791,1
134.223,200,531,35909,241066,7103,28021,1
134.499,200,532,37032,241373,7556,28274,1
134.748,200,533,38189,241024,7720,28557,1
135.004,200,534,39382,240978,7903,28867,1
135.228,200,535,40613,239901,8091,29204,1
135.479,200,536,41882,239870,8149,29565,1
135.730,200,537,43191,240027,8040,29951,1
135.987,200,538,41757,240347,7950,30367,1
136.215,200,539,40371,239804,7845,30725,1
136.469,200,540,39029,240098,7722,31028,1
136.728,200,541,37733,240497,7640,31281,1
136.988,200,542,36479,240901,7569,31484,1
137.221,200,543,35267,240481,7490,31642,1
137.480,200,544,34097,240881,7409,31757,1
137.738,200,545,32965,241260,7326,31832,1
137.997,200,546,31871,241619,7254,31869,1
138.220,200,547,30811,240852,7190,31870,1
138.480,200,548,29789,241266,7127,31839,1
138.745,200,549,28799,241792,7083,31778,1
139.004,200,550,27841,242174,7004,31686,1
139.220,200,551,26917,241181,6932,31567,1
139.479,200,552,26023,241571,6870,31426,1
139.738,200,553,25159,241927,6817,31260,1
139.997,200,554,24325,242278,6767,31072,1
140.220,200,555,23519,241490,6721,30863,1
140.482,200,556,22739,241831,6781,30637,1
140.741,200,557,21985,242043,6844,30393,1
140.998,200,558,22672,242243,6862,30134,1
141.222,200,559,23381,241382,6887,29904,1
141.481,200,560,24112,241642,6940,29705,1
141.740,200,561,24865,241867,6996,29534,1
141.999,200,562,25642,242079,7051,29391,1
142.226,200,563,26443,241278,7121,29277,1
142.486,200,564,27270,241543,7184,29192,1
142.745,200,565,28123,241772,7240,29135,1
143.005,200,566,29002,242006,7295,29109,1
143.228,200,567,29909,240929,7507,29110,1
143.482,200,568,30844,241035,7548,29138,1
143.741,200,569,31807,241279,7580,29195,1
143.995,200,570,32800,241501,7478,29280,1
144.221,200,571,33825,240818,7441,29393,1
144.479,200,572,34882,241183,7360,29533,1
144.738,200,573,35973,241554,7284,29703,1
144.996,200,574,37098,241915,7205,29900,1
145.219,200,575,38257,241133,7149,30128,1
145.478,200,576,36987,241512,7079,30384,1
145.737,200,577,35759,241871,7006,30592,1
145.995,200,578,34571,242216,6938,30756,1
146.221,200,579,33423,241520,6872,30877,1
146.480,200,580,32313,241895,6814,30958,1
146.738,200,581,31239,242245,6732,31002,1
146.998,200,582,30203,242609,6683,31012,1
147.222,200,583,29199,241770,6721,30989,1
147.481,200,584,28229,242094,6690,30935,1
147.740,200,585,27293,242440,6648,30851,1
147.998,200,586,26387,242759,6581,30741,1
148.230,200,587,25511,242179,6586,30608,1
148.490,200,588,24663,242530,6544,30451,1
148.765,200,589,25434,243103,6768,30275,1
149.029,200,590,26229,243266,6932,30131,1
149.286,200,591,27048,243367,6997,30012,1
149.546,200,592,27893,243553,7078,29923,1
149.805,200,593,28764,243700,7137,29862,1
150.059,200,594,29663,243844,7062,29829,1
150.326,200,595,30590,244209,7169,29827,1
150.583,200,596,31545,244355,7096,29855,1
150.837,200,597,32530,244510,6991,29910,1
151.093,200,598,33547,244709,6883,29995,1
151.347,200,599,34596,243958,6778,30107,1
151.603,200,600,35677,244160,6702,30249,1
151.857,200,601,36792,244326,6611,30420,1
152.111,200,602,35570,244493,6534,30620,1
152.375,200,603,34388,244774,6620,30777,1
152.633,200,604,33246,244881,6698,30894,1
152.895,200,605,32142,245068,6785,30971,1
153.156,200,606,31076,245221,6877,31013,1
153.416,200,607,30044,245317,6950,31019,1
153.671,200,608,29046,245422,6919,30993,1
153.931,200,609,28080,245663,6886,30933,1
154.191,200,610,27148,245903,6837,30846,1
154.451,200,611,27997,246137,6803,30733,1
154.710,200,612,28872,246350,6748,30649,1
154.983,200,613,29775,246961,6744,30598,1
155.228,200,614,30706,246642,6725,30574,1
155.488,200,615,31665,246884,6670,30580,1
155.748,200,616,32654,247096,6632,30616,1
156.011,200,617,33675,247318,6680,30682,1
156.228,200,618,32557,245892,6884,30779,1
156.485,200,619,31475,245886,6974,30838,1
156.745,200,620,30429,245954,7073,30862,1
157.002,200,621,29419,245982,7124,30853,1
157.226,200,622,28441,245092,7052,30813,1
157.481,200,623,27497,245224,6980,30740,1
157.734,200,624,28356,245328,6895,30640,1
157.988,200,625,29243,245438,6801,30570,1
158.215,200,626,30156,244743,6713,30530,1
158.474,200,627,31099,244991,6653,30520,1
158.732,200,628,32070,245239,6602,30540,1
158.993,200,629,33073,245540,6566,30593,1
159.220,200,630,31975,244749,6551,30672,1
159.483,200,631,30913,244982,6629,30716,1
159.741,200,632,29887,245087,6697,30727,1
159.997,200,633,28893,245077,6780,30704,1
160.220,200,634,27933,244084,6802,30651,1
160.475,200,635,27005,244135,6818,30569,1
160.727,200,636,27848,244194,6748,30461,1
160.981,200,637,28719,244344,6689,30381,1
161.214,200,638,29616,243795,6623,30331,1
161.468,200,639,30541,243966,6565,30311,1
161.723,200,640,31496,244123,6503,30320,1
161.982,200,641,32481,244402,6464,30359,1
162.220,200,642,33496,244035,6425,30427,1
162.480,200,643,34543,244337,6380,30524,1
162.738,200,644,33395,244613,6334,30651,1
162.998,200,645,32285,244892,6310,30739,1
163.224,200,646,31213,243993,6396,30788,1
163.502,200,647,30177,244860,6377,30803,1
163.761,200,648,29175,245138,6316,30785,1
164.020,200,649,28205,245420,6253,30737,1
164.288,200,650,29086,245819,6348,30660,1
164.546,200,651,29995,245900,6421,30614,1
164.804,200,652,30932,245973,6485,30597,1
165.064,200,653,31899,246067,6555,30619,1
165.323,200,654,32896,246155,6625,30663,1
165.577,200,655,33925,246228,6569,30735,1
165.836,200,656,32799,246440,6517,30836,1
166.094,200,657,31709,246655,6456,30899,1
166.367,200,658,30657,246953,6745,30929,1
166.626,200,659,29639,246830,6866,30930,1
166.884,200,660,28655,246837,6898,30897,1
167.143,200,661,29550,246936,6925,30836,1
167.408,200,662,30473,247097,7057,30798,1
167.670,200,663,31426,247136,7198,30790,1
167.922,200,664,32409,247071,7120,30812,1
168.177,200,665,33422,247139,7059,30864,1
168.437,200,666,32312,247314,7028,30945,1
168.698,200,667,31238,247486,7029,30988,1
168.951,200,668,30202,247473,6938,30998,1
169.209,200,669,29198,247546,6966,30974,1
169.461,200,670,30111,247485,6887,30920,1
169.716,200,671,31052,247536,6830,30895,1
169.970,200,672,32023,247571,6781,30901,1
170.216,200,673,30959,247312,6740,30937,1
170.469,200,674,29931,247346,6658,30939,1
170.725,200,675,30866,247424,6592,30909,1
170.979,200,676,31831,247474,6510,30909,1
171.215,200,677,30775,246969,6454,30939,1
171.479,200,678,29753,247147,6571,30936,1
171.739,200,679,28765,247165,6690,30902,1
171.998,200,680,29664,247199,6791,30838,1
172.227,200,681,28680,246227,6928,30805,1
172.486,200,682,29577,246284,7028,30742,1
172.737,200,683,30502,246248,6951,30708,1
172.991,200,684,31455,246336,6864,30703,1
173.214,200,685,30411,245479,6771,30728,1
173.470,200,686,29401,245624,6708,30720,1
173.724,200,687,30320,245725,6643,30680,1
173.979,200,688,31267,245830,6584,30670,1
174.214,200,689,30229,245330,6537,30690,1
174.468,200,690,31174,245440,6483,30677,1
174.723,200,691,32149,245554,6431,30694,1
174.978,200,692,31081,245662,6401,30740,1
175.214,200,693,30049,245193,6333,30752,1
175.469,200,694,29051,245324,6282,30731,1
175.723,200,695,29958,245440,6230,30680,1
175.978,200,696,30895,245552,6194,30658,1
176.217,200,697,29869,244382,6195,30666,1
176.470,200,698,28877,244470,6149,30642,1
176.724,200,699,27919,244598,6102,30588,1
176.983,200,700,28792,244825,6118,30506,1
177.213,200,701,29691,244229,6046,30455,1
177.472,200,702,30618,244516,6008,30433,1
177.731,200,703,31575,244787,5975,30441,1
177.991,200,704,32562,245080,5953,30479,1
178.221,200,705,33579,244450,5915,30546,1
178.481,200,706,32463,244747,5882,30642,1
178.739,200,707,31385,245008,5847,30700,1
178.998,200,708,30343,245262,5813,30723,1
179.218,200,709,29337,244297,5788,30713,1
179.478,200,710,28363,244608,5767,30673,1
179.737,200,711,29250,244878,5738,30603,1
179.995,200,712,30165,245136,5691,30562,1
180.223,200,713,29163,244379,5721,30551,1
180.479,200,714,30074,244590,5690,30510,1
180.738,200,715,31013,244873,5664,30498,1
180.997,200,716,31982,245125,5634,30516,1
181.220,200,717,30920,244252,5636,30564,1
181.478,200,718,29894,244501,5609,30576,1
181.738,200,719,30829,244814,5588,30557,1
181.996,200,720,31792,245071,5546,30567,1
182.221,200,721,30736,244288,5524,30607,1
182.482,200,722,29716,244610,5533,30613,1
182.751,200,723,30645,244961,5732,30591,1
183.007,200,724,31602,245051,5736,30595,1
183.219,200,725,30552,243806,5733,30629,1
183.476,200,726,29538,244073,5664,30629,1
183.731,200,727,28558,244280,5597,30597,1
183.986,200,728,29451,244470,5530,30536,1
184.215,200,729,28473,243818,5505,30503,1
184.468,200,730,29362,243967,5472,30442,1
184.729,200,731,30279,244229,5545,30411,1
184.988,200,732,31226,244406,5609,30410,1
185.223,200,733,32201,243786,5712,30438,1
185.481,200,734,31133,243934,5814,30497,1
185.743,200,735,30099,244118,5954,30521,1
185.997,200,736,31040,244230,5922,30511,1
186.223,200,737,30010,243481,5906,30530,1
186.482,200,738,29012,243767,5882,30516,1
186.740,200,739,29919,244055,5854,30471,1
186.999,200,740,30854,244342,5822,30456,1
187.219,200,741,29830,243404,5806,30470,1
187.477,200,742,30763,243669,5789,30451,1
187.731,200,743,31724,243818,5760,30462,1
187.985,200,744,30670,243974,5726,30502,1
188.214,200,745,29652,243331,5693,30508,1
188.467,200,746,28668,243507,5642,30482,1
188.721,200,747,29563,243686,5592,30426,1
188.975,200,748,30486,243864,5542,30399,1
189.215,200,749,31439,243569,5515,30403,1
189.478,200,750,32422,243851,5647,30438,1
189.738,200,751,31346,244000,5794,30502,1
189.997,200,752,30304,244125,5918,30533,1
190.229,200,753,29298,243357,6088,30529,1
190.487,200,754,28324,243462,6199,30494,1
190.737,200,755,29209,243508,6136,30429,1
190.991,200,756,30122,243688,6070,30391,1
191.214,200,757,29122,242915,6007,30383,1
191.469,200,758,30033,243125,5967,30344,1
191.723,200,759,30972,243303,5932,30335,1
191.977,200,760,31939,243470,5892,30355,1
192.216,200,761,30879,243152,5855,30405,1
192.470,200,762,29853,243328,5815,30421,1
192.724,200,763,30786,243501,5773,30405,1
192.977,200,764,31749,243675,5712,30418,1
193.222,200,765,30695,243303,5936,30461,1
193.468,200,766,29675,243220,5892,30470,1
193.722,200,767,28689,243394,5856,30447,1
193.976,200,768,29586,243558,5814,30393,1
194.214,200,769,30511,243231,5769,30368,1
194.468,200,770,31464,243415,5734,30373,1
194.722,200,771,32447,243585,5695,30408,1
194.976,200,772,31369,243747,5667,30472,1
195.215,200,773,30329,243412,5634,30500,1
195.477,200,774,29321,243714,5732,30497,1
195.736,200,775,30238,243881,5815,30464,1
195.996,200,776,31183,244067,5916,30461,1
196.229,200,777,30149,243241,6170,30485,1
196.484,200,778,29149,243300,6243,30478,1
196.735,200,779,28181,243369,6170,30439,1
196.989,200,780,27245,243561,6101,36534,1
197.225,200,781,26339,242831,6366,36244,1
197.468,200,782,25465,242713,6296,35936,1
197.722,200,783,24619,242919,6229,35610,1
197.976,200,784,23801,243116,6165,35267,1
198.222,200,785,23009,242791,6357,34909,1
198.477,200,786,22245,242760,6558,34539,1
198.726,200,787,21507,242723,6538,34157,1
198.980,200,788,20793,242868,6504,33764,1
199.217,200,789,20101,242462,6468,33362,1
199.470,200,790,19435,242625,6402,32950,1
199.724,200,791,18789,242819,6339,32529,1
199.978,200,792,18165,243008,6279,32102,1
200.215,200,793,17561,242658,6224,31667,1
200.469,200,794,16979,242046,6155,31228,1
200.722,200,795,16415,242272,6077,30784,1
200.976,200,796,15869,242497,6007,30337,1
201.223,200,797,16364,242190,6240,29886,1
201.483,200,798,16875,242443,6317,29466,1
201.742,200,799,17402,242652,6393,29076,1
202.001,20,800,17945,242835,6468,28713,1
202.079,20,801,18506,237387,6531,28381,1
202.157,20,802,19085,232118,6594,28077,1
202.224,20,803,19682,226625,6669,27801,1
202.304,20,804,20297,221705,6767,27552,1
202.380,20,805,19623,216866,6769,27329,1
202.458,20,806,18971,212287,6761,27092,1
202.536,20,807,18341,207860,6751,26840,1
202.615,20,808,17731,203576,6741,26578,1
202.690,20,809,17143,199439,6645,26304,1
202.769,20,810,16573,195523,6552,26019,1
202.848,20,811,16021,191728,6479,25726,1
202.926,20,812,15489,188039,6406,25425,1
203.004,20,813,14975,184466,6337,25116,1
203.083,20,814,14477,181004,6274,24801,1
203.161,20,815,13997,177650,6209,24481,1
203.222,20,816,13531,173821,6154,24155,1
203.301,20,817,13081,170718,6096,23825,1
203.379,20,818,12647,167682,6021,23491,1
203.458,20,819,12227,164759,5964,23153,1
203.536,20,820,11821,161913,5910,22813,1
203.615,20,821,11429,159176,5867,22471,1
203.694,20,822,11049,156497,5813,22127,1
203.773,20,823,10681,153923,5768,21783,1
203.851,20,824,10325,151409,5717,21439,1
203.925,20,825,9983,148870,5651,21093,1
203.999,20,826,9651,146391,5585,20747,1
204.073,20,827,9329,143989,5522,20402,1
204.147,20,828,9019,141662,5474,20057,1
204.213,20,829,8719,139168,5420,19714,1
204.287,20,830,8429,137002,5352,19371,1
204.361,20,831,8149,134903,5297,19030,1
204.434,20,832,7879,132863,5244,18691,1
204.508,20,833,7619,130885,5190,18355,1
204.582,20,834,7367,128965,5138,18021,1
204.655,20,835,7123,127109,5088,17689,1
204.729,20,836,6887,125315,5040,17360,1
204.803,20,837,6659,123577,4993,17035,1
204.877,20,838,6439,121895,4948,16712,1
204.950,20,839,6225,120259,4904,16393,1
205.025,20,840,6019,118692,4868,16076,1
205.102,20,841,5819,117262,4845,15763,1
205.181,20,842,5625,115902,4827,15454,1
205.218,20,843,5437,113277,4811,15148,1
205.296,20,844,5255,112043,4791,14845,1
205.375,20,845,5081,110846,4773,14547,1
205.455,20,846,4913,109696,4795,14253,1
205.532,20,847,4774,108551,4774,13962,1
205.611,20,848,4753,107462,4753,13677,1
205.689,20,849,4733,106408,4733,13399,1
205.768,20,850,4880,105387,4715,13130,1
205.847,20,851,5033,104413,4701,12873,1
205.925,20,852,5190,103451,4686,12630,1
206.004,20,853,5353,102522,4671,12399,1
206.082,20,854,5520,101621,4656,12180,1
206.161,20,855,5693,100752,4641,11974,1
206.217,20,856,5870,99215,4631,11779,1
206.299,20,857,6053,98432,4720,11597,1
206.378,20,858,6242,97538,4800,11427,1
206.458,20,859,6437,96677,4927,11268,1
206.535,20,860,6638,95792,5009,11122,1
206.613,20,861,6845,94976,5081,10985,1
206.692,20,862,7058,94194,5151,10859,1
206.770,20,863,7279,93437,5217,10743,1
206.849,20,864,7506,92703,5282,10638,1
206.928,20,865,7741,92004,5351,10544,1
207.006,20,866,7982,91314,5412,10459,1
207.084,20,867,8231,90645,5470,10386,1
207.163,20,868,8488,89997,5527,10321,1
207.244,20,869,8753,88844,6183,10268,1
207.326,20,870,9026,88311,6265,10222,1
207.405,20,871,9309,87723,6334,10188,1
207.477,20,872,9600,87037,6262,10163,1
207.550,20,873,9901,86478,6173,10146,1
207.624,20,874,10210,85957,6105,10139,1
207.698,20,875,10529,85437,6036,10143,1
207.772,20,876,10858,84936,5975,10158,1
207.846,20,877,11197,84446,5911,10181,1
207.920,20,878,11546,83978,5851,10214,1
207.994,20,879,11907,83519,5793,10257,1
208.068,20,880,12280,83076,5735,10309,1
208.143,20,881,11872,82666,5679,10372,1
208.213,20,882,11478,82148,5625,10420,1
208.287,20,883,11098,81757,5555,10454,1
208.361,20,884,10730,81384,5483,10475,1
208.435,20,885,10374,81024,5435,10484,1
208.510,20,886,10030,80666,5389,10482,1
208.584,20,887,9696,80313,5344,10469,1
208.657,20,888,9374,79968,5301,10446,1
208.731,20,889,9062,79636,5258,10414,1
208.805,20,890,8760,79317,5217,10373,1
208.879,20,891,8468,79007,5177,10323,1
208.953,20,892,8188,78705,5138,10266,1
209.027,20,893,7916,78415,5101,10202,1
209.101,20,894,7652,78131,5065,10132,1
209.175,20,895,7398,77862,5032,10055,1
209.215,20,896,7152,76241,5000,9974,1
209.288,20,897,6914,76019,4950,9888,1
209.363,20,898,6686,75823,4927,9797,1
209.437,20,899,6464,75613,4897,9700,1
209.511,20,900,6250,75427,4874,9601,1
209.589,20,901,6042,75332,4867,9497,1
209.663,20,902,6231,75132,4838,9389,1
209.737,20,903,6426,74952,4810,9290,1
209.811,20,904,6627,74781,4784,9201,1
209.885,20,905,6834,74616,4759,9122,1
209.960,20,906,7047,74454,4736,9052,1
210.033,20,907,7268,74294,4711,8991,1
210.108,20,908,7495,74135,4689,8939,1
210.182,20,909,7730,73982,4668,8895,1
210.214,20,910,7971,72538,4653,8859,1
210.288,20,911,8220,72445,4634,8832,1
210.363,20,912,8477,72347,4612,8817,1
210.437,20,913,8742,72254,4604,8810,1
210.510,20,914,9015,72153,4565,8809,1
210.584,20,915,9296,72077,4546,8816,1
210.659,20,916,9587,71994,4529,8832,1
210.733,20,917,9886,71909,4513,8856,1
210.807,20,918,10195,71828,4505,8889,1
210.880,20,919,10514,71740,4487,8931,1
210.954,20,920,10166,71664,4472,8981,1
211.028,20,921,9828,71589,4456,9019,1
211.103,20,922,9502,71524,4441,9045,1
211.177,20,923,9186,71458,4425,9060,1
211.214,20,924,8880,70227,4417,9065,1
211.287,20,925,8584,70209,4386,9061,1
211.362,20,926,8300,70191,4373,9046,1
211.436,20,927,8024,70164,4360,9025,1
211.510,20,928,7758,70147,4347,8994,1
211.584,20,929,7500,70123,4334,8956,1
211.658,20,930,7252,70101,4320,8911,1
211.732,20,931,7012,70083,4309,8861,1
211.806,20,932,6780,70060,4299,8804,1
211.880,20,933,6991,70035,4295,8742,1
211.955,20,934,7210,70011,4291,8689,1
212.029,20,935,7435,69990,4284,8645,1
212.103,20,936,7668,69971,4274,8608,1
212.177,20,937,7907,69947,4268,8580,1
212.213,20,938,8154,68752,4258,8560,1
212.288,20,939,8409,68787,4255,8548,1
212.362,20,940,8672,68810,4249,8545,1
212.436,20,941,8943,68823,4240,8550,1
212.509,20,942,9222,68840,4220,8564,1
212.584,20,943,9511,68866,4214,8586,1
212.658,20,944,9195,68878,4206,8616,1
212.732,20,945,8889,68894,4197,8636,1
212.806,20,946,8593,68909,4191,8645,1
212.880,20,947,8309,68921,4183,8644,1
212.954,20,948,8033,68935,4176,8635,1
213.028,20,949,8284,68952,4169,8617,1
213.102,20,950,8543,68956,4161,8607,1
213.176,20,951,8810,68971,4155,8606,1
213.214,20,952,8518,67860,4152,8614,1
213.287,20,953,8236,67907,4127,8613,1
213.363,20,954,7962,67993,4133,8603,1
213.437,20,955,7698,68032,4127,8584,1
213.511,20,956,7442,68075,4120,8558,1
213.586,20,957,7196,68111,4123,8527,1
213.659,20,958,7421,68146,4117,8486,1
213.733,20,959,7652,68182,4112,8453,1
213.807,20,960,7891,68216,4110,8429,1
213.882,20,961,8138,68250,4109,8413,1
213.955,20,962,8393,68272,4103,8406,1
214.030,20,963,8656,68313,4102,8407,1
214.104,20,964,8927,68336,4100,8416,1
214.178,20,965,9206,68369,4097,8434,1
214.214,20,966,8900,67203,4107,8459,1
214.287,20,967,8606,67263,4088,8474,1
214.362,20,968,8320,67345,4085,8479,1
214.436,20,969,8044,67416,4081,8475,1
214.511,20,970,7776,67482,4090,8462,1
214.585,20,971,7518,67534,4098,8442,1
214.676,20,972,7753,68015,4208,8416,1
214.757,20,973,7996,68232,4230,8397,1
214.840,20,974,8245,68481,4280,8385,1
214.921,20,975,8502,68699,4291,8382,1
215.003,20,976,8767,68961,4301,8388,1
215.084,20,977,9040,69175,4305,8402,1
215.165,20,978,9323,69376,4315,8424,1
215.224,20,979,9614,68893,4323,8454,1
215.305,20,980,9915,69123,4325,8492,1
215.386,20,981,10224,69311,4353,8538,1
215.466,20,982,10543,69453,4368,8592,1
215.545,20,983,10872,69603,4360,8654,1
215.625,20,984,10510,69779,4363,8726,1
215.705,20,985,10162,69915,4367,8784,1
215.784,20,986,9824,70058,4363,8828,1
215.866,20,987,9498,70259,4370,8861,1
215.941,20,988,9182,70279,4348,8882,1
216.018,20,989,8878,70343,4336,8893,1
216.092,20,990,8582,70314,4333,8894,1
216.166,20,991,8298,70274,4318,8886,1
216.214,20,992,8022,69441,4314,8869,1
216.288,20,993,7756,69430,4294,8845,1
216.361,20,994,7500,69432,4276,8813,1
216.435,20,995,7252,69433,4248,8773,1
216.512,20,996,7012,69531,4251,8726,1
216.587,20,997,7231,69543,4240,8674,1
216.661,20,998,7456,69534,4226,8630,1
216.735,20,999,7689,69535,4221,8596,1
216.809,20,1000,7930,69532,4204,8569,1
216.883,20,1001,8177,69535,4190,8550,1
216.957,20,1002,8432,69534,4170,8541,1
217.030,20,1003,8695,69536,4149,8541,1
217.105,20,1004,8966,69193,4138,8547,1
217.178,20,1005,9247,69202,4118,8561,1
217.213,20,1006,8939,68003,4105,8583,1
217.287,20,1007,8641,68058,4074,8595,1
217.361,20,1008,8355,68117,4059,8599,1
217.435,20,1009,8077,68169,4048,8592,1
217.509,20,1010,7809,68210,4043,8577,1
217.582,20,1011,7551,68246,4030,8554,1
217.656,20,1012,7786,68296,4017,8523,1
217.730,20,1013,8029,68332,4010,8502,1
217.804,20,1014,8280,68376,3998,8489,1
217.879,20,1015,8539,68426,3987,8484,1
217.952,20,1016,8806,68459,3976,8489,1
218.026,20,1017,9081,68498,3970,8500,1
218.100,20,1018,9364,68530,3958,8519,1
218.174,20,1019,9657,68563,3947,8547,1
218.213,20,1020,9335,67511,3942,8583,1
218.296,20,1021,9025,67825,3940,8608,1
218.375,20,1022,8727,68022,3948,8622,1
218.453,20,1023,8437,68207,3961,8628,1
218.532,20,1024,8157,68371,3970,8625,1
218.610,20,1025,7887,68536,3974,8612,1
218.689,20,1026,7625,68699,3989,8592,1
218.767,20,1027,7864,68846,3991,8564,1
218.849,20,1028,8109,69084,4010,8543,1
218.929,20,1029,8362,69275,4032,8531,1
219.008,20,1030,8623,69426,4036,8527,1
219.088,20,1031,8892,69598,4042,8532,1
219.169,20,1032,9169,69785,4068,8544,1
219.223,20,1033,9456,69104,4081,8566,1
219.302,20,1034,9751,69278,4085,8596,1
219.383,20,1035,10056,69487,4092,8634,1
219.465,20,1036,10371,69654,4177,8681,1
219.539,20,1037,10027,69624,4158,8735,1
219.613,20,1038,9693,69654,4141,8776,1
219.687,20,1039,9371,69662,4124,8806,1
219.762,20,1040,9059,69671,4110,8825,1
219.836,20,1041,8759,69677,4098,8834,1
219.911,20,1042,8467,69727,4083,8833,1
219.985,20,1043,8187,69737,4070,8824,1
220.060,20,1044,7915,69768,4054,8806,1
220.134,20,1045,7651,69772,4040,8780,1
220.210,20,1046,7397,69772,4082,8746,1
220.283,20,1047,7628,69737,4074,8706,1
220.357,20,1048,7867,69724,4058,8673,1
220.431,20,1049,8112,69717,4043,8649,1
220.504,20,1050,8365,69710,4027,8633,1
220.578,20,1051,8626,69707,4017,8626,1
220.652,20,1052,8895,69697,4001,8627,1
220.725,20,1053,9172,69693,3989,8636,1
220.799,20,1054,9459,69694,3977,8655,1
220.873,20,1055,9754,69683,3973,8681,1
220.947,20,1056,9430,69669,3959,8716,1
221.020,20,1057,9118,69667,3948,8740,1
221.094,20,1058,8816,69663,3935,8754,1
221.168,20,1059,8522,69657,3923,8757,1
221.213,20,1060,8240,68768,3914,8751,1
221.287,20,1061,7966,68799,3890,8737,1
221.361,20,1062,7702,68835,3879,8715,1
221.434,20,1063,7446,68859,3870,8685,1
221.508,20,1064,7200,68882,3860,8648,1
221.582,20,1065,7425,68906,3850,8604,1
221.656,20,1066,7658,68928,3841,8568,1
221.732,20,1067,7897,68985,3868,8541,1
221.805,20,1068,8144,68990,3858,8522,1
221.885,20,1069,8399,69185,3864,8511,1
221.963,20,1070,8662,69322,3876,8510,1
222.042,20,1071,8933,69457,3882,8517,1
222.120,20,1072,9212,69586,3891,8532,1
222.198,20,1073,9499,69712,3898,8555,1
222.277,20,1074,9796,69841,3912,8586,1
222.355,20,1075,10103,69953,3922,8625,1
222.434,20,1076,10418,70069,3928,8674,1
222.512,20,1077,10743,70186,3933,8730,1
222.590,20,1078,10385,70291,3939,8795,1
222.670,20,1079,10041,70402,3975,8846,1
222.748,20,1080,9707,70495,3979,8885,1
222.827,20,1081,9385,70596,3987,8912,1
222.905,20,1082,9073,70680,3995,8928,1
222.983,20,1083,8771,70774,4004,8934,1
223.063,20,1084,8481,70901,4020,8930,1
223.146,20,1085,8199,71098,4043,8917,1
223.224,20,1086,7927,71143,4060,8896,1
223.303,20,1087,8174,71245,4068,8868,1
223.383,20,1088,8429,71379,4079,8848,1
223.463,20,1089,8692,71496,4089,8836,1
223.542,20,1090,8963,71578,4097,8833,1
223.621,20,1091,9244,71642,4098,8839,1
223.701,20,1092,9533,71760,4101,8853,1
223.781,20,1093,9830,71850,4110,8876,1
223.859,20,1094,10137,71910,4113,8907,1
223.940,20,1095,10454,72036,4116,8947,1
224.020,20,1096,10781,72121,4133,8996,1
224.098,20,1097,10423,72179,4130,9054,1
224.179,20,1098,10077,72288,4129,9099,1
224.218,20,1099,9743,71093,4131,9131,1
224.294,20,1100,9419,71114,4114,9152,1
224.367,20,1101,9107,71067,4095,9161,1
224.443,20,1102,8805,71066,4078,9161,1
224.517,20,1103,8513,71018,4072,9150,1
224.590,20,1104,8231,70956,4057,9132,1
224.664,20,1105,7957,70920,4047,10906,1
224.737,20,1106,7693,70876,4018,10815,1
224.811,20,1107,7439,70854,4004,10719,1
224.885,20,1108,7193,70469,3992,10617,1
224.961,20,1109,6955,70474,4000,10511,1
225.035,20,1110,6723,70451,3986,10403,1
225.110,20,1111,6501,70477,3981,10290,1
225.184,20,1112,6285,70446,3971,10176,1
225.214,20,1113,6077,69036,3962,10056,1
225.287,20,1114,5875,69050,3937,9933,1
225.361,20,1115,5679,69081,3928,9808,1
225.438,20,1116,5489,69132,3979,9680,1
225.511,20,1117,5307,69113,3965,9550,1
225.584,20,1118,5129,69123,3954,9419,1
225.658,20,1119,4959,69130,3939,9288,1
225.732,20,1120,4795,69154,3926,9154,1
225.806,20,1121,4635,69169,3912,9020,1
225.879,20,1122,4481,69183,3899,8885,1
225.953,20,1123,4333,69201,3888,8750,1
226.027,20,1124,4468,69219,3876,8614,1
226.101,20,1125,4607,69230,3865,8486,1
226.175,20,1126,4750,69242,3866,8366,1
226.212,20,1127,4899,68123,3858,8255,1
226.286,20,1128,5052,68172,3854,8152,1
226.360,20,1129,5209,68210,3845,8057,1
226.433,20,1130,5372,68253,3836,7969,1
226.507,20,1131,5539,68300,3830,7889,1
226.581,20,1132,5712,68344,3822,7817,1
226.656,20,1133,5891,68386,3828,7753,1
226.736,20,1134,6076,68503,3932,7697,1
226.815,20,1135,6265,68552,4036,7649,1
226.893,20,1136,6460,68598,4138,7608,1
226.974,20,1137,6661,68640,4309,7575,1
227.051,20,1138,6870,68624,4412,7549,1
227.131,20,1139,7085,68698,4500,7530,1
227.217,20,1140,7306,68806,4759,7521,1
227.292,20,1141,7535,68727,4847,7518,1
227.370,20,1142,7770,68781,4920,7522,1
227.450,20,1143,8013,68855,5000,7534,1
227.531,20,1144,8264,68953,5084,7552,1
227.610,20,1145,8523,68991,5154,7578,1
227.690,20,1146,8790,69084,5224,7610,1
227.771,20,1147,9065,69167,5293,7649,1
227.849,20,1148,9348,69208,5352,7696,1
227.922,20,1149,9641,69158,5300,7750,1
227.996,20,1150,9942,69178,5250,7811,1
228.070,20,1151,10253,69204,5202,7879,1
228.144,20,1152,10574,69221,5150,7955,1
228.214,20,1153,10905,69107,5109,8038,1
228.287,20,1154,11246,69127,5047,8130,1
228.364,20,1155,11597,69153,5079,8229,1
228.435,20,1156,11960,69083,5036,8335,1
228.509,20,1157,12333,69100,4992,8450,1
228.583,20,1158,12718,69117,4945,8574,1
228.656,20,1159,12296,69144,4890,8705,1
228.731,20,1160,11888,69174,4854,8819,1
228.805,20,1161,11492,69182,4815,8917,1
228.879,20,1162,11110,69200,4777,9001,1
228.954,20,1163,10740,69228,4779,9069,1
229.027,20,1164,10382,69204,4742,9123,1
229.101,20,1165,10038,69217,4704,9164,1
229.176,20,1166,9704,69260,4669,9195,1
229.213,20,1167,9382,68114,4635,9212,1
229.286,20,1168,9070,68164,4595,9219,1
229.360,20,1169,8768,68212,4564,9215,1
229.434,20,1170,8478,68256,4531,9202,1
229.508,20,1171,8196,68307,4501,9182,1
229.581,20,1172,7924,68350,4470,9152,1
229.655,20,1173,7660,68397,4443,9115,1
229.729,20,1174,7406,68434,4413,9071,1
229.803,20,1175,7160,68477,4385,9021,1
229.877,20,1176,6922,68514,4358,8964,1
229.950,20,1177,6692,68547,4332,8901,1
230.024,20,1178,6470,68579,4306,8833,1
230.098,20,1179,6256,68609,4283,8760,1
230.171,20,1180,6048,68638,4259,8683,1
230.213,20,1181,5848,67653,4242,8602,1
230.290,20,1182,5654,67823,4240,8518,1
230.369,20,1183,5831,68007,4243,8431,1
230.447,20,1184,6014,68183,4240,8351,1
230.526,20,1185,6201,68352,4238,8280,1
230.607,20,1186,6394,68573,4260,8216,1
230.689,20,1187,6593,68831,4280,8160,1
230.770,20,1188,6800,69031,4290,8112,1
230.849,20,1189,7013,69178,4294,8073,1
230.928,20,1190,7232,69346,4295,8041,1
231.007,20,1191,7459,69486,4318,8018,1
231.089,20,1192,7692,69661,4342,8002,1
231.169,20,1193,7933,69816,4346,7993,1
231.222,20,1194,8180,69137,4360,7993,1
231.303,20,1195,8435,69341,4368,8001,1
231.383,20,1196,8698,69489,4371,8017,1
231.464,20,1197,8969,69685,4396,8040,1
231.542,20,1198,9250,69671,4481,8072,1
231.616,20,1199,9539,69570,4556,8113,1
231.691,20,1200,9838,69468,4623,8160,1
231.765,20,1201,10145,69371,4693,8216,1
231.839,20,1202,10462,69268,4758,8282,1
231.915,20,1203,10789,69208,4826,8355,1
231.988,20,1204,11126,69105,4883,8434,1
232.063,20,1205,11473,69025,4941,8521,1
232.136,20,1206,11093,68935,4973,8617,1
232.216,20,1207,10725,68872,5192,8698,1
232.286,20,1208,10369,68644,5243,8764,1
232.359,20,1209,10025,68564,5269,8819,1
232.435,20,1210,9691,68511,5358,8860,1
232.508,20,1211,9369,68386,5404,8891,1
232.581,20,1212,9059,68303,5445,8908,1
232.648,20,1213,8759,67770,5445,10231,0
232.725,20,1214,8467,67887,5388,10187,1
232.799,20,1215,8187,67950,5336,10135,1
232.873,20,1216,7915,67997,5280,10076,1
232.947,20,1217,7651,68059,5242,10010,1
233.021,20,1218,7397,68097,5199,9938,1
233.095,20,1219,7151,68141,5148,9861,1
233.168,20,1220,6913,68183,5099,9778,1
233.212,20,1221,6685,67306,5051,9690,1
233.286,20,1222,6463,67377,5003,9597,1
233.360,20,1223,6247,67447,4957,9500,1
233.433,20,1224,6039,67513,4911,9400,1
233.507,20,1225,5839,67579,4872,9296,1
233.581,20,1226,5645,67637,4830,9190,1
233.654,20,1227,5459,67696,4791,9080,1
233.728,20,1228,5279,67754,4750,8968,1
233.802,20,1229,5103,67814,4711,8854,1
233.881,20,1230,4933,68019,4694,8738,1
233.959,20,1231,4769,68192,4676,9700,1
234.037,20,1232,4658,68360,4658,9548,1
234.116,20,1233,4641,68521,4641,9397,1
234.194,20,1234,4622,68680,4622,9251,1
234.273,20,1235,4612,68849,4612,9108,1
234.351,20,1236,4596,68994,4596,8970,1
234.429,20,1237,4580,69135,4580,8835,1
234.507,20,1238,4570,69275,4570,8704,1
234.586,20,1239,4713,69410,4556,8577,1
234.664,20,1240,4860,69542,4541,8458,1
234.742,20,1241,5011,69667,4526,8348,1
234.820,20,1242,5168,69790,4512,8246,1
234.899,20,1243,5329,69922,4501,8151,1
234.977,20,1244,5496,70034,4489,8064,1
235.055,20,1245,5667,70145,4478,7986,1
235.137,20,1246,5479,70255,4566,9157,1
235.223,20,1247,5297,70456,4668,9044,1
235.302,20,1248,5121,70462,4762,8930,1
235.381,20,1249,4951,70464,4841,8813,1
235.461,20,1250,5106,70522,4898,8697,1
235.541,20,1251,5265,70543,4982,8588,1
235.620,20,1252,5430,70544,5054,8488,1
235.701,20,1253,5599,70596,5128,8397,1
235.780,20,1254,5774,70591,5203,8312,1
235.860,20,1255,5955,70600,5268,8235,1
235.941,20,1256,6142,70664,5340,8168,1
236.021,20,1257,6333,70676,5409,8108,1
236.100,20,1258,6530,70677,5470,8056,1
236.181,20,1259,6735,70716,5532,8012,1
236.224,20,1260,6946,69608,5592,7976,1
236.297,20,1261,7163,69561,5536,7946,1
236.371,20,1262,7386,69571,5475,7924,1
236.447,20,1263,7617,69624,5416,7909,1
236.521,20,1264,7856,69625,5361,7901,1
236.595,20,1265,8101,69621,5309,7901,1
236.668,20,1266,8354,69617,5255,7909,1
236.742,20,1267,8615,69617,5201,7925,1
236.816,20,1268,8884,69616,5149,7948,1
236.889,20,1269,9161,69613,5097,7979,1
236.964,20,1270,9448,69635,5048,8017,1
237.037,20,1271,9743,69633,5001,8063,1
237.111,20,1272,10048,69632,4954,8117,1
237.184,20,1273,10363,69630,4910,8179,1
237.213,20,1274,10686,68205,4869,8249,1
237.286,20,1275,11019,68245,4812,8327,1
237.360,20,1276,11364,68300,4773,8413,1
237.433,20,1277,11719,68338,4733,8507,1
237.507,20,1278,11331,68379,4695,8609,1
237.581,20,1279,10955,68415,4659,8695,1
237.654,20,1280,10591,68450,4618,8768,1
237.728,20,1281,10239,68490,4584,8826,1
237.801,20,1282,9899,68523,4550,8871,1
237.875,20,1283,9569,68556,4517,8905,1
237.949,20,1284,9251,68589,4487,8927,1
238.023,20,1285,8943,68625,4456,8938,1
238.096,20,1286,8645,68655,4426,8939,1
238.170,20,1287,8359,68684,4399,8931,1
238.213,20,1288,8081,67765,4375,8914,1
238.287,20,1289,7813,67822,4338,8889,1
238.361,20,1290,7555,67885,4313,8857,1
238.435,20,1291,7305,67954,4288,8818,1
238.509,20,1292,7063,68007,4265,8772,1
238.582,20,1293,6829,68056,4241,8720,1
238.656,20,1294,6601,68106,4219,8663,1
238.734,20,1295,6383,68259,4221,8599,1
238.812,20,1296,6582,68428,4217,8531,1
238.890,20,1297,6787,68591,4212,8472,1
238.969,20,1298,7000,68749,4207,8421,1
239.047,20,1299,7219,68903,4204,8378,1
239.125,20,1300,7444,69053,4203,8344,1
239.204,20,1301,7677,69194,4200,8318,1
239.286,20,1302,7916,69429,4215,8300,1
239.366,20,1303,8163,69600,4232,8289,1
239.445,20,1304,8418,69742,4229,8287,1
239.525,20,1305,8681,69935,4233,8293,1
239.605,20,1306,8952,70082,4236,8306,1
239.684,20,1307,9231,70212,4233,8328,1
239.765,20,1308,9520,70376,4253,8358,1
239.844,20,1309,9817,70505,4258,8396,1
239.919,20,1310,10124,70511,4237,8441,1
239.994,20,1311,10441,70510,4217,8494,1
240.068,20,1312,10768,70488,4201,8557,1
240.145,20,1313,11105,70504,4232,8628,1
240.216,20,1314,11452,70377,4226,8708,1
240.290,20,1315,11809,70363,4209,8795,1
240.363,20,1316,11417,70336,4175,8892,1
240.437,20,1317,11039,70038,4161,8972,1
240.511,20,1318,10673,70053,4128,9038,1
240.586,20,1319,10319,70057,4111,9091,1
240.660,20,1320,9977,70042,4096,9131,1
240.733,20,1321,9645,70023,4081,9159,1
240.807,20,1322,9325,70002,4069,9175,1
240.881,20,1323,9015,69986,4051,9182,1
240.954,20,1324,8715,69972,4039,9178,1
241.028,20,1325,8427,69957,4023,9165,1
241.102,20,1326,8147,69947,4009,9143,1
241.176,20,1327,7877,69938,3995,9113,1
241.213,20,1328,7617,68781,3995,9077,1
241.286,20,1329,7365,68794,3969,9033,1
241.360,20,1330,7121,68829,3955,8982,1
241.434,20,1331,6885,68855,3945,8925,1
241.508,20,1332,6657,68871,3940,8870,1
241.582,20,1333,6437,68875,3928,8803,1
241.655,20,1334,6223,68898,3918,8731,1
241.730,20,1335,6017,68923,3915,8654,1
241.803,20,1336,6206,68937,3901,8573,1
241.877,20,1337,6399,68962,3895,8500,1
241.951,20,1338,6598,68976,3883,8436,1
242.024,20,1339,6805,68994,3870,8380,1
242.098,20,1340,7018,69017,3859,8332,1
242.172,20,1341,7237,69037,3850,8293,1
242.213,20,1342,7464,68028,3844,8261,1
242.293,20,1343,7697,68193,3901,8238,1
242.370,20,1344,7938,68316,3909,8223,1
242.448,20,1345,8187,68482,3918,8215,1
242.527,20,1346,8442,68651,3923,8217,1
242.605,20,1347,8705,68806,3930,8226,1
242.683,20,1348,8978,68959,3933,8243,1
242.762,20,1349,9259,69106,3939,8268,1
242.840,20,1350,9548,69247,3944,8301,1
242.918,20,1351,9847,69383,3953,8342,1
242.997,20,1352,10154,69512,3958,8390,1
243.075,20,1353,10471,69644,3960,8446,1
243.153,20,1354,10798,69770,3963,8511,1
243.218,20,1355,11135,69475,3967,8584,1
243.298,20,1356,11482,69639,3978,8665,1
243.377,20,1357,11100,69755,4019,8755,1
243.458,20,1358,10732,69933,4033,8830,1
243.538,20,1359,10376,70115,4044,8891,1
243.617,20,1360,10032,70240,4047,8938,1
243.697,20,1361,9698,70387,4049,8974,1
243.776,20,1362,9376,70518,4060,8999,1
243.855,20,1363,9064,70633,4062,9012,1
243.936,20,1364,8762,70805,4065,10998,1
244.016,20,1365,8470,70940,4072,10930,1
244.095,20,1366,8190,71041,4074,10854,1
244.175,20,1367,7918,71186,4074,10772,1
244.221,20,1368,7654,70248,4090,10685,1
244.301,20,1369,7400,70394,4093,10592,1
244.381,20,1370,7154,70553,4094,10493,1
244.461,20,1371,6916,70685,4102,10391,1
244.540,20,1372,6688,70795,4100,10284,1
244.619,20,1373,6466,70923,4104,10174,1
244.694,20,1374,6252,70902,4093,10060,1
244.769,20,1375,6044,70888,4094,9942,1
244.843,20,1376,5844,70837,4080,9825,1
244.916,20,1377,5650,70795,4066,9702,1
244.990,20,1378,5462,70759,4055,9576,1
245.066,20,1379,5280,70737,4081,9449,1
245.139,20,1380,5104,70681,4065,9322,1
245.213,20,1381,4934,70645,4049,9192,1
245.288,20,1382,4770,70625,4086,9061,1
245.362,20,1383,4612,70585,4080,8928,1
245.436,20,1384,4757,70550,4068,8794,1
245.510,20,1385,4906,70524,4054,8669,1
245.585,20,1386,5059,70501,4091,8553,1
245.662,20,1387,5218,70507,4135,8445,1
245.735,20,1388,5381,70442,4120,8346,1
245.809,20,1389,5550,70419,4103,8257,1
245.886,20,1390,5723,70386,4186,8175,1
245.960,20,1391,5902,70246,4268,8102,1
246.034,20,1392,6087,70115,4346,8036,1
246.108,20,1393,6278,69984,4420,7979,1
246.181,20,1394,6475,69853,4489,7930,1
246.217,20,1395,6678,68526,4565,7889,1
246.290,20,1396,6887,68445,4613,7855,1
246.364,20,1397,7102,68383,4656,7829,1
246.438,20,1398,7323,68330,4723,7809,1
246.512,20,1399,7552,68252,4784,7797,1
246.586,20,1400,7789,68177,4848,7794,1
246.659,20,1401,8032,68101,4905,7799,1
246.733,20,1402,8283,68060,4950,7811,1
246.809,20,1403,8542,68026,5015,7830,1
246.889,20,1404,8809,67997,5216,7859,1
246.960,20,1405,9084,67678,5306,7893,1
247.033,20,1406,9367,67554,5371,7932,1
247.112,20,1407,9660,67583,5458,7980,1
247.191,20,1408,9961,67626,5556,8036,1
247.224,20,1409,10272,66235,5655,8100,1
247.302,20,1410,10593,66336,5704,8170,1
247.380,20,1411,10924,66458,5743,8249,1
247.460,20,1412,10560,66594,5792,8337,1
247.542,20,1413,10210,66774,5874,8411,1
247.623,20,1414,9870,66913,5946,8470,1
247.702,20,1415,9542,66995,6012,8516,1
247.782,20,1416,9226,67128,6076,8551,1
247.863,20,1417,8920,67247,6138,8574,1
247.934,20,1418,8624,67323,6138,10483,0
248.022,20,1419,8338,67672,6215,10430,1
248.102,20,1420,8062,67760,6275,10369,1
248.181,20,1421,7794,67029,6334,10299,1
248.229,20,1422,7534,66026,6481,10224,1
248.297,20,1423,7284,65948,6397,10143,1
248.372,20,1424,7042,66098,6316,10055,1
248.446,20,1425,6810,66213,6233,9962,1
248.522,20,1426,6584,66371,6153,9866,1
248.596,20,1427,6364,66480,6074,9764,1
248.671,20,1428,6152,66603,5999,9659,1
248.745,20,1429,5948,66697,5925,9550,1
248.820,20,1430,5855,66836,5855,9438,1
248.894,20,1431,5784,66918,5784,9327,1
248.968,20,1432,5726,67012,5726,9218,1
249.042,20,1433,5657,67093,5657,9110,1
249.116,20,1434,5589,67175,5589,9004,1
249.189,20,1435,5524,67252,5524,8898,1
249.273,20,1436,5514,67575,5514,8795,1
249.352,20,1437,5475,67776,5475,8695,1
249.431,20,1438,5437,67971,5437,8596,1
249.509,20,1439,5606,68149,5401,8499,1
249.588,20,1440,5781,68315,5365,8410,1
249.666,20,1441,5962,68476,5328,8329,1
249.744,20,1442,6149,68637,5293,8257,1
249.823,20,1443,6342,68799,5262,8193,1
249.901,20,1444,6541,68949,5227,8138,1
249.979,20,1445,6746,69092,5194,8090,1
250.058,20,1446,6957,69247,5162,8050,1
250.136,20,1447,7174,69382,5129,8018,1
250.221,20,1448,7399,69674,5121,7993,1
250.299,20,1449,7630,69782,5097,7975,1
250.377,20,1450,7869,69894,5080,7965,1
250.456,20,1451,8114,70002,5058,7964,1
250.534,20,1452,8367,70115,5034,7970,1
250.612,20,1453,8628,70220,5008,7983,1
250.690,20,1454,8897,70324,4980,8004,1
250.769,20,1455,9176,70428,4956,8033,1
250.848,20,1456,9463,70533,4933,8072,1
250.926,20,1457,9758,70629,4914,8117,1
251.004,20,1458,10063,70716,4891,8170,1
251.083,20,1459,10378,70808,4869,8230,1
251.162,20,1460,10703,70915,4850,8299,1
251.220,20,1461,11038,70361,4829,8376,1
251.298,20,1462,11383,70472,4812,8460,1
251.377,20,1463,11738,70568,4795,8554,1
251.455,20,1464,12105,70671,4775,8655,1
251.543,20,1465,12484,70764,5033,8765,1
251.621,20,1466,12070,70607,5203,8884,1
251.700,20,1467,11670,70521,5347,8987,1
251.785,20,1468,11282,70581,5546,9076,1
251.863,20,1469,10908,70481,5649,9148,1
251.938,20,1470,10546,70430,5622,9205,1
252.018,20,1471,10196,70563,5604,9248,1
252.097,20,1472,9858,70691,5551,9279,1
252.176,20,1473,9532,70813,5493,9299,1
252.222,20,1474,9214,69862,5467,9308,1
252.302,20,1475,8908,70004,5430,9307,1
252.382,20,1476,8612,70172,5405,9296,1
252.462,20,1477,8326,70311,5370,9276,1
252.542,20,1478,8050,70471,5333,9249,1
252.622,20,1479,7782,70631,5303,9213,1
252.703,20,1480,7524,70789,5274,9169,1
252.782,20,1481,7274,70895,5239,9120,1
252.863,20,1482,7032,71051,5216,9064,1
252.943,20,1483,6798,71183,5188,9002,1
253.022,20,1484,6572,71281,5156,8935,1
253.099,20,1485,6777,71290,5145,8863,1
253.172,20,1486,6988,71216,5104,8799,1
253.213,20,1487,7207,70116,5061,8745,1
253.286,20,1488,7432,70096,5019,8698,1
253.360,20,1489,7665,70075,4974,8659,1
253.434,20,1490,7904,70059,4935,8630,1
253.507,20,1491,8151,70040,4890,8608,1
253.581,20,1492,8406,70027,4851,8595,1
253.655,20,1493,8669,70011,4810,8592,1
253.728,20,1494,8940,69997,4773,8596,1
253.803,20,1495,9219,69993,4736,8609,1
253.877,20,1496,9508,69989,4706,8629,1
253.950,20,1497,9805,69975,4670,8659,1
254.024,20,1498,10112,69968,4636,8697,1
254.098,20,1499,10429,69958,4607,8743,1
254.172,20,1500,10081,69942,4583,8798,1
254.213,20,1501,9747,68894,4555,8840,1
254.286,20,1502,9423,68916,4515,8870,1
254.360,20,1503,9111,68944,4486,8888,1
254.434,20,1504,8809,68958,4466,8896,1
254.508,20,1505,8517,68964,4445,8895,1
254.582,20,1506,8235,68977,4422,8884,1
254.656,20,1507,7961,68990,4399,8865,1
254.729,20,1508,7697,69010,4373,8838,1
254.804,20,1509,7441,69031,4353,8804,1
254.877,20,1510,7195,69049,4330,8763,1
254.951,20,1511,6957,69066,4310,8716,1
255.025,20,1512,6725,69077,4290,8663,1
255.099,20,1513,6936,69090,4267,8604,1
255.173,20,1514,7153,69114,4255,8554,1
255.213,20,1515,6915,68064,4237,8512,1
255.288,20,1516,7132,68144,4214,8468,1
255.363,20,1517,7355,68207,4201,8428,1
255.436,20,1518,7584,68242,4181,8396,1
255.514,20,1519,7821,68393,4185,8372,1
255.593,20,1520,8066,68554,4189,8356,1
255.674,20,1521,8319,68708,4288,8348,1
255.752,20,1522,8578,68826,4292,8349,1
255.833,20,1523,8847,69046,4304,8358,1
255.914,20,1524,9124,69246,4309,8375,1
255.992,20,1525,9409,69399,4304,8400,1
256.073,20,1526,9704,69265,4306,8433,1
256.153,20,1527,10007,69458,4309,8475,1
256.223,20,1528,10320,69310,4312,8524,1
256.304,20,1529,10643,69516,4320,8582,1
256.383,20,1530,10976,69661,4314,8649,1
256.463,20,1531,11319,69849,4311,8723,1
256.543,20,1532,10943,70002,4321,8805,1
256.617,20,1533,10579,70127,4321,10843,0
256.697,20,1534,10229,70272,4304,10837,1
256.770,20,1535,9889,70248,4283,10820,1
256.846,20,1536,9561,70286,4266,10792,1
256.920,20,1537,9243,70271,4247,10755,1
256.995,20,1538,8937,70295,4228,10709,1
257.070,20,1539,8639,70271,4231,10655,1
257.143,20,1540,8351,70229,4214,10593,1
257.213,20,1541,8073,70072,4193,10525,1
257.288,20,1542,7805,70093,4171,10453,1
257.361,20,1543,7545,70080,4139,10372,1
257.435,20,1544,7293,70084,4124,10285,1
257.511,20,1545,7049,70099,4125,10193,1
257.587,20,1546,6815,70127,4140,10096,1
257.662,20,1547,6589,70125,4158,9995,1
257.736,20,1548,6369,70074,4139,9889,1
257.810,20,1549,6157,70068,4121,9780,1
257.884,20,1550,5953,70052,4103,9668,1
257.957,20,1551,5757,70044,4087,9554,1
258.031,20,1552,5565,70028,4073,9437,1
258.105,20,1553,5379,70013,4056,9318,1
258.178,20,1554,5201,69998,4039,9196,1
258.213,20,1555,5029,68787,4007,9072,1
258.288,20,1556,4861,68850,3982,8947,1
258.362,20,1557,4699,68883,3983,8821,1
258.435,20,1558,4543,68891,3973,8694,1
258.509,20,1559,4684,68910,3959,8566,1
258.583,20,1560,4831,68930,3946,8446,1
258.657,20,1561,4982,68951,3938,8334,1
258.730,20,1562,5137,68967,3925,8231,1
258.804,20,1563,5298,68986,3913,8136,1
258.877,20,1564,5463,69004,3900,8048,1
258.951,20,1565,5634,69024,3888,7969,1
259.025,20,1566,5811,69048,3878,7897,1
259.106,20,1567,5992,69173,3985,7834,1
259.184,20,1568,6179,69194,4087,7781,1
259.221,20,1569,6372,67913,4197,7735,1
259.300,20,1570,6571,67973,4301,7697,1
259.378,20,1571,6776,68027,4397,7667,1
259.456,20,1572,6987,68085,4486,7644,1
259.535,20,1573,7206,68147,4573,7627,1
259.613,20,1574,7431,68204,4657,7619,1
259.692,20,1575,7664,68261,4753,7618,1
259.773,20,1576,7903,68393,4847,7622,1
259.852,20,1577,8150,68449,4923,7633,1
259.932,20,1578,8405,68533,5005,7653,1
260.012,20,1579,8668,68635,5080,7679,1
260.092,20,1580,8939,68697,5155,7712,1
260.171,20,1581,9218,68769,5229,7754,1
260.224,20,1582,9507,67994,5307,7804,1
260.296,20,1583,9804,67953,5255,7860,1
260.370,20,1584,10111,68023,5191,7922,1
260.444,20,1585,10426,68089,5139,7994,1
260.518,20,1586,10751,68162,5094,8071,1
260.592,20,1587,11086,68212,5047,8157,1
260.668,20,1588,11433,68296,5004,8258,1
260.742,20,1589,11790,68339,4964,8359,1
260.817,20,1590,12159,68421,4921,8468,1
260.891,20,1591,11755,68465,4878,8586,1
260.966,20,1592,11365,68547,4838,8686,1
261.040,20,1593,10987,68586,4799,8771,1
261.115,20,1594,10621,68622,4800,8841,1
261.188,20,1595,10267,68622,4772,8898,1
261.213,20,1596,9927,67131,4733,8943,1
261.287,20,1597,9599,67216,4686,8975,1
261.361,20,1598,9279,67302,4652,8996,1
261.435,20,1599,8969,67385,4618,9007,1
261.509,2000,1600,8671,67458,4584,9008,1
263.571,2000,1601,8942,129521,4687,8999,1
265.642,2000,1602,9221,189722,4952,9004,1
267.717,2000,1603,9510,248036,5283,9014,1
269.771,2000,1604,9807,304036,5426,9032,1
271.836,2000,1605,10114,358648,5601,9059,1
273.893,2000,1606,10431,411362,5724,9094,1
275.953,2000,1607,10756,462532,5860,9141,1
278.008,2000,1608,11093,511969,5953,9195,1
280.070,2000,1609,11440,560029,6083,9259,1
282.125,2000,1610,11797,606415,6195,9332,1
284.186,2000,1611,12166,651467,6373,9411,1
286.247,2000,1612,12547,695003,6553,9505,1
288.307,2000,1613,12940,737280,6661,9604,1
290.362,2000,1614,13345,778128,6726,9713,1
292.424,2000,1615,13762,817876,6818,9832,1
294.481,2000,1616,14193,856250,6916,9958,1
296.541,2000,1617,14636,893489,7022,10095,1
298.598,2000,1618,15093,929475,7108,10243,1
300.654,2000,1619,15564,964406,7114,10400,1
302.712,2000,1620,16051,998189,7207,10564,1
304.772,2000,1621,16552,1030995,7283,10740,1
306.829,2000,1622,17069,1062692,7338,10925,1
308.889,2000,1623,17602,1093529,7396,11121,1
310.947,2000,1624,18153,1123328,7450,11326,1
313.009,2000,1625,18720,1152314,7521,11543,1
315.072,2000,1626,19305,1180285,7732,11777,1
317.137,2000,1627,19908,1206325,7903,12020,1
319.191,2000,1628,20531,1232415,7962,12271,1
321.253,2000,1629,21172,1257941,8040,12535,1
323.309,2000,1630,21833,1282517,8107,12810,1
325.401,2000,1631,22516,1306540,9050,13099,1
327.457,2000,1632,23219,1328646,9927,13399,1
329.521,2000,1633,23944,1350215,10875,13714,1
331.574,2000,1634,24693,1370899,11671,14039,1
333.640,2000,1635,25464,1391214,12552,14381,1
335.695,2000,1636,26259,1410591,13310,14733,1
337.741,2000,1637,27080,1429573,13625,20840,1
339.812,2000,1638,27927,1448360,14350,21041,1
341.875,2000,1639,28800,1466246,15082,21264,1
343.935,2000,1640,29701,1483371,15873,21507,1
346.002,2000,1641,30630,1500985,15747,21772,1
348.079,2000,1642,31587,1518377,15725,22058,1
350.151,2000,1643,32574,1535149,15503,22359,1
352.257,2000,1644,33591,1552347,15575,22684,1
354.342,2000,1645,34640,1568522,15460,23030,1
356.434,2000,1646,35723,1584447,15354,23398,1
358.525,2000,1647,36840,1599837,15256,23790,1
360.648,2000,1648,37991,1614773,16119,24216,1
362.738,2000,1649,39178,1628119,16951,24652,1
364.767,2000,1650,40403,1640234,16659,25109,1
366.832,2000,1651,41666,1653076,16479,25592,1
368.891,2000,1652,42969,1665395,16258,26098,1
370.954,2000,1653,44312,1677417,16098,26631,1
373.043,2000,1654,45697,1689029,16782,27190,1
375.115,2000,1655,47126,1699598,17481,27777,1
377.184,2000,1656,48599,1709761,18166,28393,1
379.248,2000,1657,50118,1719479,18790,30173,1
381.312,2000,1658,51685,1728868,19429,30803,1
383.372,2000,1659,53300,1737862,19989,31464,1
385.435,2000,1660,54965,1746674,20538,32153,1
387.508,2000,1661,56682,1755408,21199,32874,1
389.566,2000,1662,58453,1763460,21715,33628,1
391.626,2000,1663,60280,1771377,22203,34410,1
393.665,2000,1664,62163,1779095,22008,35222,1
395.721,2000,1665,64106,1787277,21648,36069,1
397.776,2000,1666,66109,1795333,21188,36951,1
399.839,2000,1667,68174,1803281,20855,37865,1
401.900,2000,1668,70305,1810947,20553,38818,1
403.960,2000,1669,72502,1818317,20268,39805,1
406.020,2000,1670,74767,1825446,19979,40830,1
408.081,2000,1671,77104,1832389,19704,41895,1
410.143,2000,1672,79513,1839150,19437,42997,1
412.204,2000,1673,81998,1845659,19183,44143,1
414.235,2000,1674,84561,1850847,19131,45335,1
416.290,2000,1675,87204,1856734,18858,46573,1
418.350,2000,1676,89929,1862672,18565,47847,1
420.410,2000,1677,92740,1868474,18301,49167,1
422.497,2000,1678,95639,1874064,18896,50534,1
424.557,2000,1679,98628,1878540,19482,51951,1
426.619,2000,1680,101711,1882918,20082,53416,1
428.679,2000,1681,104890,1887086,20632,54933,1
430.739,2000,1682,108167,1891162,21174,56501,1
432.776,2000,1683,111548,1895143,20938,58124,1
434.862,2000,1684,115033,1899714,21476,59800,1
436.921,2000,1685,118628,1903352,21975,61532,1
438.981,2000,1686,122335,1906909,22451,63324,1
441.026,2000,1687,126158,1910359,22476,91932,1
443.100,2000,1688,130101,1914222,22951,93006,1
445.159,2000,1689,134166,1917428,23388,94171,1
447.208,2000,1690,138359,1920597,23445,95429,1
449.239,2000,1691,142682,1923174,23456,96773,1
451.318,2000,1692,147141,1926693,23953,98214,1
453.376,2000,1693,151740,1929448,24372,99750,1
455.421,2000,1694,156481,1932201,24338,101378,1
457.481,2000,1695,161372,1935379,24313,103102,1
459.529,2000,1696,166415,1938465,23924,104928,1
461.615,2000,1697,171616,1941732,24353,106856,1
463.644,2000,1698,176979,1944101,23822,108891,1
465.706,2000,1699,182510,1947356,23397,111023,1
467.766,2000,1700,188213,1950501,22973,113260,1
469.821,2000,1701,194094,1953563,22415,115604,1
471.914,2000,1702,200159,1956713,22893,118063,1
473.973,2000,1703,206414,1958600,23348,120636,1
476.019,2000,1704,212865,1960445,23352,123321,1
478.079,2000,1705,219518,1962747,23360,126122,1
480.118,2000,1706,226377,1964910,22787,129043,1
482.178,2000,1707,233452,1967626,22254,132087,1
484.222,2000,1708,240747,1969685,21845,135259,1
486.275,2000,1709,248270,1972037,21336,138557,1
488.339,2000,1710,256029,1974532,21007,141987,1
490.390,2000,1711,264030,1976711,20516,145552,1
492.445,2000,1712,272281,1978964,20042,149257,1
494.512,2000,1713,280790,1981297,19792,153104,1
496.563,2000,1714,289565,1983246,19350,157096,1
498.618,2000,1715,298614,1984505,18935,161238,1
500.673,2000,1716,307945,1986506,18506,165532,1
502.782,2000,1717,317568,1989626,18604,169985,1
504.852,2000,1718,327493,1991664,18283,174602,1
506.927,2000,1719,337728,1993932,17959,179381,1
509.001,2000,1720,348283,1996120,17639,184330,1
511.068,2000,1721,359166,1997876,17461,189457,1
513.120,2000,1722,370389,1999245,17094,194762,1
515.177,2000,1723,381964,2000782,16742,200251,1
517.216,2000,1724,393901,2001776,16389,205931,1
519.270,2000,1725,406210,2003248,16038,211807,1
521.331,2000,1726,418905,2004772,15772,217886,1
523.384,2000,1727,431996,2006086,15441,224169,1
525.448,2000,1728,445495,2007546,15281,230666,1
527.502,2000,1729,459416,2008794,14947,237384,1
529.559,2000,1730,473773,2010056,14675,244323,1
531.600,2000,1731,458041,2010521,14636,251496,1
533.665,2000,1732,442831,2011761,14600,257953,1
535.724,2000,1733,428129,2012826,14524,263736,1
537.780,2000,1734,413913,2013850,14252,268879,1
539.848,2000,1735,400169,2015165,14122,273417,1
541.903,2000,1736,386881,2016190,13838,277382,1
543.962,2000,1737,374037,2017347,13563,280806,1
546.019,2000,1738,361619,2018383,13338,283722,1
548.073,2000,1739,349613,2019306,13080,286157,1
550.128,2000,1740,338005,2020235,12831,288143,1
552.183,2000,1741,326783,2021132,12597,289703,1
554.239,2000,1742,315931,2022004,12383,290863,1
556.299,2000,1743,305441,2022883,12268,291648,1
558.356,2000,1744,295299,2023658,12138,292080,1
560.554,2000,1745,285495,2028169,12659,292187,1
562.625,2000,1746,276015,2028889,12630,291985,1
564.709,2000,1747,266849,2030135,12604,291490,1
567.085,2000,1748,257989,2040042,12993,290725,1
569.465,2000,1749,249423,2049572,13352,289708,1
571.831,2000,1750,241141,2058361,13717,288455,1
574.228,2000,1751,233133,2067519,14409,286986,1
576.651,2000,1752,225391,2077037,15066,285311,1
579.303,2000,1753,217907,2093781,15350,283444,1
581.456,2000,1754,210671,2094116,16087,281402,1
583.851,2000,1755,203675,2101992,16694,279199,1
586.311,2000,1756,196913,2111580,17299,276849,1
588.673,2000,1757,190375,2118211,17485,274356,1
591.009,2000,1758,184053,2123290,18349,271743,1
593.651,2000,1759,177941,2137620,19051,269655,1
596.000,2000,1760,183502,2143037,19203,266797,1
598.104,2000,1761,189237,2140833,19328,264200,1
600.526,2000,1762,195150,2148109,19924,261866,1
602.616,2000,1763,201249,2145243,19955,259786,1
604.771,2000,1764,207538,2143980,20590,257966,1
606.875,2000,1765,214023,2141538,20690,256397,1
609.384,2000,1766,220712,2151405,21339,255080,1
611.506,2000,1767,227609,2148915,21777,254014,1
613.576,2000,1768,234722,2145535,21499,253194,1
615.700,2000,1769,242057,2143815,21736,252624,1
617.771,2000,1770,249622,2140856,21455,252300,1
619.864,2000,1771,257423,2138754,21277,252222,1
621.935,2000,1772,265468,2136285,20847,252386,1
624.034,2000,1773,273763,2134443,20783,252799,1
626.100,2000,1774,282318,2131918,20370,253456,1
628.174,2000,1775,291141,2129803,19969,254360,1
630.232,2000,1776,300240,2127292,19532,255510,1
632.298,2000,1777,309623,2124952,19266,256910,1
634.349,2000,1778,319298,2122397,18819,258559,1
636.404,2000,1779,329277,2120116,18392,260459,1
638.481,2000,1780,339566,2118198,18361,262613,1
640.556,2000,1781,328290,2116444,18112,265024,1
642.929,2000,1782,317390,2123589,18306,267011,1
645.027,2000,1783,306852,2121736,18440,268612,1
647.115,2000,1784,296664,2119831,18327,269817,1
649.164,2000,1785,286814,2117481,18327,325280,0
651.256,2000,1786,277290,2116222,18143,324079,1
653.341,2000,1787,268082,2114760,17940,322621,1
655.415,2000,1788,259180,2113107,17647,320918,1
657.513,2000,1789,250574,2111946,17687,318993,1
659.616,2000,1790,242254,2110727,17897,316863,1
661.679,2000,1791,234210,2108716,17585,314533,1
663.879,2000,1792,226434,2110713,17793,312031,1
665.987,2000,1793,218916,2109221,18507,309363,1
668.065,2000,1794,211648,2107204,18807,306652,1
670.170,2000,1795,204622,2105745,19545,304984,1
672.343,2000,1796,197828,2105163,21470,301850,1
675.141,2000,1797,191260,2123620,23920,298622,1
677.432,2000,1798,184910,2125939,25508,295286,1
679.843,2000,1799,178770,2131752,27441,291861,1
681.939,2000,1800,172834,2127087,28064,288336,1
684.168,2000,1801,167096,2127101,30095,284738,1
686.853,2000,1802,161548,2141891,31389,281077,1
689.191,2000,1803,156184,2146266,31779,277350,1
691.610,2000,1804,150998,2152651,32636,273583,1
693.786,2000,1805,145984,2151198,33377,269765,1
695.899,2000,1806,150547,2148071,33857,265911,1
698.393,2000,1807,155252,2157147,34271,262316,1
700.596,2000,1808,160103,2155720,35745,258988,1
702.735,2000,1809,165106,2152288,36967,255923,1
704.861,2000,1810,170265,2148882,37971,253099,1
707.073,2000,1811,175586,2149033,38129,250526,1
709.156,2000,1812,181073,2144844,38615,248201,1
711.259,2000,1813,186732,2142210,38461,246113,1
713.713,2000,1814,192567,2150326,38777,244266,1
716.140,2000,1815,198584,2157206,39089,242661,1
718.540,2000,1816,204789,2162984,39393,241293,1
721.167,2000,1817,211188,2175696,39688,240162,1
723.456,2000,1818,217787,2176961,40429,239270,1
725.512,2000,1819,224592,2171657,40327,238607,1
727.624,2000,1820,231611,2168346,40186,238180,1
729.761,2000,1821,238848,2165287,40867,237984,1
731.862,2000,1822,246313,2161391,41230,238024,1
733.942,2000,1823,254010,2157626,40879,238292,1
736.031,2000,1824,261947,2154607,40374,238788,1
738.184,2000,1825,270132,2152885,40714,239522,1
740.295,2000,1826,278573,2149541,41148,240490,1
742.347,2000,1827,287278,2145952,40153,241687,1
744.400,2000,1828,296255,2142828,39041,243114,1
746.534,2000,1829,305512,2142129,38203,244780,1
748.636,2000,1830,315059,2140336,37481,246683,1
750.728,2000,1831,324904,2138559,36555,248825,1
752.862,2000,1832,314116,2138394,36555,307714,0
755.029,2000,1833,303688,2138943,35721,307919,1
757.198,2000,1834,293606,2137618,36833,307797,1
759.273,2000,1835,283858,2134383,36731,307363,1
761.360,2000,1836,274434,2131756,36615,306634,1
763.601,2000,1837,265322,2132687,37879,305633,1
766.007,2000,1838,256512,2138388,39383,304399,1
768.335,2000,1839,247996,2142297,39522,302911,1
770.726,2000,1840,239760,2148269,39834,301204,1
772.919,2000,1841,231800,2146939,41030,299304,1
775.752,2000,1842,224102,2165049,42453,297214,1
777.801,2000,1843,216660,2160224,41923,294939,1
779.921,2000,1844,209466,2157604,41680,292501,1
782.032,2000,1845,202510,2154974,41439,289913,1
784.141,2000,1846,195786,2152414,41137,287191,1
786.283,2000,1847,189286,2150069,41761,284348,1
788.395,2000,1848,183000,2146713,42390,281394,1
790.478,2000,1849,176924,2143424,42122,278331,1
792.588,2000,1850,171050,2141228,41863,275171,1
794.795,2000,1851,165370,2140102,43615,271925,1
796.873,2000,1852,159878,2135968,44240,268607,1
798.956,2000,1853,164875,2133005,43919,265217,1
801.045,2000,1854,170028,2131028,43041,262091,1
803.312,2000,1855,175341,2133819,43065,259222,1
805.439,2000,1856,180820,2131549,43646,256609,1
807.546,2000,1857,186471,2128648,44150,254255,1
809.626,2000,1858,192298,2125783,43830,252145,1
811.734,2000,1859,198307,2124059,43521,250283,1
813.869,2000,1860,204504,2122366,44089,248668,1
815.979,2000,1861,210895,2119777,44677,247303,1
818.066,2000,1862,217486,2117463,44332,246173,1
820.184,2000,1863,224283,2115997,44320,245307,1
822.291,2000,1864,231292,2114530,43980,244657,1
824.423,2000,1865,238519,2113191,44369,244252,1
826.508,2000,1866,245972,2111024,44046,244081,1
828.586,2000,1867,253659,2108823,43713,244149,1
830.654,2000,1868,261586,2106495,43312,244451,1
832.746,2000,1869,269761,2104250,43636,244996,1
834.788,2000,1870,278192,2101135,43223,245779,1
836.852,2000,1871,286885,2098937,42807,246800,1
838.898,2000,1872,295850,2096859,41801,248058,1
840.988,2000,1873,305095,2095564,41452,249555,1
843.049,2000,1874,314630,2093411,41082,251298,1
845.110,2000,1875,324463,2091367,40716,253282,1
847.193,2000,1876,334602,2089366,41062,255515,1
849.227,2000,1877,345059,2086587,40600,257992,1
851.234,2000,1878,333601,2083480,39876,260721,1
853.282,2000,1879,322525,2082109,38810,263002,1
855.341,2000,1880,311817,2081148,37770,264865,1
857.397,2000,1881,301465,2080168,36765,266338,1
859.462,2000,1882,291455,2079384,35835,267440,1
861.531,2000,1883,281777,2078647,35065,268193,1
863.586,2000,1884,272421,2077672,34133,268619,1
865.641,2000,1885,263375,2076949,34133,324428,0
867.716,2000,1886,254631,2075661,33587,322524,1
869.742,2000,1887,246177,2073827,32758,320407,1
871.804,2000,1888,238003,2073263,31910,318091,1
873.862,2000,1889,230099,2072548,31119,315590,1
875.926,2000,1890,222459,2071872,30481,312922,1
877.981,2000,1891,215071,2071088,29721,310109,1
880.034,2000,1892,207929,2070324,28950,307140,1
882.099,2000,1893,201025,2069774,28385,304042,1
884.149,2000,1894,194351,2068952,27651,300826,1
886.204,2000,1895,187897,2068330,26946,297500,1
888.247,2000,1896,181657,2067157,26474,294078,1
890.307,2000,1897,175625,2066557,25982,290566,1
892.357,2000,1898,169795,2065850,25317,286976,1
894.420,2000,1899,164159,2065434,24835,283316,1
896.480,2000,1900,158707,2064904,24382,279594,1
898.539,2000,1901,153437,2064369,23928,275820,1
900.599,2000,1902,148343,2063879,23478,271998,1
902.661,2000,1903,143417,2063434,23085,268137,1
904.720,2000,1904,138655,2062941,22685,264242,1
906.780,2000,1905,134051,2062521,22246,260321,1
908.844,2000,1906,138240,2062177,21896,256377,1
910.905,2000,1907,142561,2061747,21537,252689,1
912.965,2000,1908,147016,2061336,21187,249251,1
915.026,2000,1909,151611,2060939,20847,246060,1
917.166,2000,1910,156348,2062369,21165,243114,1
919.229,2000,1911,161233,2061557,21095,240411,1
921.616,2000,1912,166272,2070843,21174,237941,1
923.730,2000,1913,171469,2071171,21243,235706,1
925.806,2000,1914,176828,2070662,20940,233703,1
927.915,2000,1915,182353,2071368,20652,231930,1
930.018,2000,1916,188052,2071618,20632,230386,1
932.104,2000,1917,193929,2071339,20433,229297,1
934.289,2000,1918,199990,2073274,21287,228207,1
936.702,2000,1919,206239,2081379,22874,227341,1
939.073,2000,1920,212684,2087757,24416,226698,1
941.526,2000,1921,219331,2095758,26681,226285,1
943.942,2000,1922,226186,2102506,28517,226089,1
946.339,2000,1923,233255,2108909,30005,226115,1
948.997,2000,1924,240544,2122850,31803,226365,1
951.093,2000,1925,248061,2119133,33073,226846,1
953.165,2000,1926,255812,2115285,33919,227521,1
955.288,2000,1927,263807,2113321,34829,228418,1
957.376,2000,1928,272050,2111188,34789,229535,1
959.485,2000,1929,280551,2109955,34753,230872,1
961.582,2000,1930,289318,2108559,34579,232431,1
963.740,2000,1931,298359,2108199,35278,234229,1
965.770,2000,1932,307682,2104735,34907,236239,1
967.830,2000,1933,317297,2102520,34546,238476,1
969.890,2000,1934,327212,2100396,34200,240944,1
972.042,2000,1935,337437,2098370,36703,243646,1
974.011,2000,1936,347982,2093461,36275,246581,1
976.071,2000,1937,358857,2091619,35865,249753,1
978.132,2000,1938,370072,2089845,35489,253166,1
980.174,2000,1939,381637,2088113,34564,256822,1
982.236,2000,1940,393564,2087031,33696,260725,1
984.297,2000,1941,380496,2085975,32865,264880,1
986.366,2000,1942,367862,2085094,32162,268497,1
988.431,2000,1943,355648,2084161,31409,271607,1
990.493,2000,1944,343840,2083211,30645,274238,1
992.553,2000,1945,332424,2082257,29909,276416,1
994.621,2000,1946,321388,2081436,29294,278170,1
996.686,2000,1947,310716,2080635,28625,279525,1
998.795,2000,1948,300398,2081147,28074,280505,1
1000.989,2000,1949,290424,2084062,27792,281136,1
1003.100,2000,1950,280780,2084206,27537,281435,1
1005.204,2000,1951,271458,2084376,27028,281421,1
1007.245,2000,1952,262444,2082721,26458,281119,1
1009.313,2000,1953,253730,2081912,25958,280538,1
1011.428,2000,1954,245306,2082290,25744,279710,1
1013.530,2000,1955,237160,2082497,25287,278639,1
1015.640,2000,1956,229286,2082966,24843,277348,1
1017.801,2000,1957,221672,2084640,24797,275855,1
1019.919,2000,1958,214312,2084721,24889,274178,1
1022.035,2000,1959,207196,2084412,25169,272318,1
1024.145,2000,1960,200316,2084043,25437,270292,1
1026.252,2000,1961,193664,2083023,26294,268111,1
1028.386,2000,1962,187234,2082600,27346,265792,1
1030.470,2000,1963,181018,2081348,27551,263348,1
1032.580,2000,1964,175008,2081073,27753,260783,1
1034.719,2000,1965,180477,2080832,28810,258111,1
1036.876,2000,1966,186116,2079998,30880,255697,1
1038.924,2000,1967,191933,2077719,30980,253531,1
1041.034,2000,1968,197930,2077556,31068,251615,1
1043.144,2000,1969,204115,2077409,31156,249945,1
1045.378,2000,1970,210494,2079201,33175,248520,1
1047.446,2000,1971,217071,2075609,33806,247342,1
1049.538,2000,1972,223854,2074755,33803,246402,1
1051.648,2000,1973,230849,2074702,33809,245705,1
1053.860,2000,1974,238064,2076518,35126,245244,1
1055.958,2000,1975,245503,2075154,35941,245028,1
1058.043,2000,1976,253174,2074165,35884,245508,1
1060.153,2000,1977,261085,2074113,35826,245759,1
1062.361,2000,1978,269244,2075793,37090,246242,1
1064.458,2000,1979,277657,2074379,37897,246970,1
1066.538,2000,1980,286334,2073186,37811,247940,1
1068.633,2000,1981,295281,2072582,37767,249169,1
1070.739,2000,1982,304508,2072318,37638,250617,1
1072.815,2000,1983,294396,2072306,37638,307533,0
1074.945,2000,1984,284620,2073690,36831,307126,1
1077.024,2000,1985,275170,2073341,36023,306425,1
1079.096,2000,1986,266034,2072936,35136,305450,1
1081.196,2000,1987,257200,2073149,34590,304221,1
1083.242,2000,1988,248660,2071869,33780,302756,1
1085.300,2000,1989,240404,2071109,32974,301068,1
1087.382,2000,1990,232422,2071059,32246,299182,1
1089.482,2000,1991,224704,2071264,31817,297099,1
1091.549,2000,1992,217244,2070721,31054,294839,1
1093.632,2000,1993,210030,2070743,30376,292416,1
1095.704,2000,1994,203056,2070224,29906,289845,1
1097.753,2000,1995,196314,2069177,29130,287135,1
1099.808,2000,1996,189796,2068550,28385,284301,1
1101.864,2000,1997,183494,2067938,27662,281349,1
1103.931,2000,1998,177402,2067529,27150,278293,1
1105.981,2000,1999,171510,2066750,26461,275141,1
