backing,transport,rep,pages,size,mean_ns,p50_ns,p99_ns,p999_ns,p9999_ns,max_ns
4k,zcring,1,4k,1048576,194277,192049,207225,589828,677940,677940
huge,zcring,1,hugetlb,1048576,190863,188347,198902,588931,677218,677218
4k,unix,1,n/a,1048576,190895,178511,330451,783256,785668,785668
4k,zcring,2,4k,1048576,193556,190573,208756,663195,753579,753579
huge,zcring,2,hugetlb,1048576,189642,187880,197558,256858,729104,729104
4k,unix,2,n/a,1048576,179634,174803,219983,257781,727992,727992
4k,zcring,3,4k,1048576,193397,190634,210388,580821,669329,669329
huge,zcring,3,hugetlb,1048576,189687,187962,198403,212361,745049,745049
4k,unix,3,n/a,1048576,178939,172319,224760,1445646,1566078,1566078
4k,zcring,4,4k,1048576,192669,190556,209018,249018,729539,729539
huge,zcring,4,hugetlb,1048576,190310,188172,206528,281829,749424,749424
4k,unix,4,n/a,1048576,178150,173395,220216,252493,270848,270848
4k,zcring,5,4k,1048576,194345,191292,230843,576113,763847,763847
huge,zcring,5,hugetlb,1048576,191089,188097,200780,667648,755832,755832
4k,unix,5,n/a,1048576,181304,173886,221936,1473236,1619939,1619939
